"Team","W","pWAR","hWAR","fWAR","year"
"Athletics",48,14.3,-10.3,4,1920
"Braves",62,6.7,13.4,20.1,1920
"Browns",76,10.9,27.4,38.3,1920
"Cardinals",75,9.5,26.6,36.1,1920
"Cubs",75,14.1,15.2,29.3,1920
"Giants",86,12.2,27,39.2,1920
"Indians",98,20.3,31.8,52.1,1920
"Phillies",62,15.9,6.4,22.3,1920
"Pirates",79,19.7,12.2,31.9,1920
"Red Sox",72,12.9,16.5,29.4,1920
"Reds",82,10.9,23,33.9,1920
"Robins",93,20.3,19.4,39.7,1920
"Senators",68,7.4,18.2,25.6,1920
"Tigers",61,10,8.3,18.3,1920
"White Sox",96,16.5,25.5,42,1920
"Yankees",95,15.7,28.6,44.3,1920
"Athletics",53,11.1,3.3,14.4,1921
"Braves",79,9.1,20.5,29.6,1921
"Browns",81,12.8,16.8,29.6,1921
"Cardinals",87,10.2,30.4,40.6,1921
"Cubs",64,10.7,13.4,24.1,1921
"Giants",94,10.4,34,44.4,1921
"Indians",94,19.8,28.6,48.4,1921
"Phillies",51,15.4,1.5,16.9,1921
"Pirates",90,20.6,17.9,38.5,1921
"Red Sox",75,13.9,10,23.9,1921
"Reds",70,15.8,13.4,29.2,1921
"Robins",77,15.7,10.6,26.3,1921
"Senators",80,13.9,14.3,28.2,1921
"Tigers",71,10.7,26.2,36.9,1921
"White Sox",62,11.2,10.8,22,1921
"Yankees",98,15.6,36.4,52,1921
"Athletics",65,7,9.3,16.3,1922
"Braves",53,8.6,-0.5,8.1,1922
"Browns",93,20.3,33,53.3,1922
"Cardinals",85,11.7,22.6,34.3,1922
"Cubs",80,10.8,18.4,29.2,1922
"Giants",93,11.5,36.2,47.7,1922
"Indians",78,16.2,18.8,35,1922
"Phillies",57,16.5,9.8,26.3,1922
"Pirates",85,20.4,21.9,42.3,1922
"Red Sox",61,12.6,2,14.6,1922
"Reds",86,15.6,25.6,41.2,1922
"Robins",76,12.4,11.6,24,1922
"Senators",69,11,13.8,24.8,1922
"Tigers",79,12.8,26.6,39.4,1922
"White Sox",77,14.5,16.1,30.6,1922
"Yankees",94,15.8,26,41.8,1922
"Athletics",69,11.4,7.2,18.6,1923
"Braves",54,10.9,6.1,17,1923
"Browns",74,16.4,13.2,29.6,1923
"Cardinals",79,10.5,20,30.5,1923
"Cubs",83,11.1,23.9,35,1923
"Giants",95,9.9,32.3,42.2,1923
"Indians",82,17.7,29.1,46.8,1923
"Phillies",50,13.2,0.7,13.9,1923
"Pirates",87,17.4,24.3,41.7,1923
"Red Sox",61,12.7,-2.1,10.6,1923
"Reds",91,20.7,21.6,42.3,1923
"Robins",76,16,15.7,31.7,1923
"Senators",75,8.3,18.7,27,1923
"Tigers",83,13.3,28.9,42.2,1923
"White Sox",69,13.7,17.6,31.3,1923
"Yankees",98,13.7,31.8,45.5,1923
"Athletics",71,13.5,7,20.5,1924
"Braves",53,10.7,-1,9.7,1924
"Browns",74,13,15,28,1924
"Cardinals",65,8.2,19.8,28,1924
"Cubs",81,8.9,16.4,25.3,1924
"Giants",93,9.4,36.3,45.7,1924
"Indians",67,13.7,17.9,31.6,1924
"Phillies",55,14.5,2.3,16.8,1924
"Pirates",90,20,25.8,45.8,1924
"Red Sox",67,14.8,10.2,25,1924
"Reds",83,19.8,23.4,43.2,1924
"Robins",92,17.9,19.6,37.5,1924
"Senators",92,14.2,27.6,41.8,1924
"Tigers",86,14.4,27,41.4,1924
"White Sox",66,10.7,17.4,28.1,1924
"Yankees",89,12.9,24.1,37,1924
"Athletics",88,16.7,23.3,40,1925
"Braves",70,9.6,16.4,26,1925
"Browns",82,9.8,16.5,26.3,1925
"Cardinals",77,11.1,26.4,37.5,1925
"Cubs",68,10.1,12.1,22.2,1925
"Giants",86,13.9,15.7,29.6,1925
"Indians",70,17.1,16.6,33.7,1925
"Phillies",68,14,6.5,20.5,1925
"Pirates",95,14.8,32,46.8,1925
"Red Sox",47,11.9,-1.1,10.8,1925
"Reds",80,21.5,18.6,40.1,1925
"Robins",68,13.7,15.1,28.8,1925
"Senators",96,13.4,28.3,41.7,1925
"Tigers",81,12.8,27.5,40.3,1925
"White Sox",79,12.3,22,34.3,1925
"Yankees",69,13.8,12.5,26.3,1925
"Athletics",83,21.1,14,35.1,1926
"Braves",66,9.9,10.2,20.1,1926
"Browns",62,7.2,8.1,15.3,1926
"Cardinals",89,12.9,29.1,42,1926
"Cubs",82,15.1,23.1,38.2,1926
"Giants",74,9.1,19.6,28.7,1926
"Indians",88,16.6,21.1,37.7,1926
"Phillies",58,13.9,2.5,16.4,1926
"Pirates",84,15.4,20.5,35.9,1926
"Red Sox",46,11.3,2.8,14.1,1926
"Reds",87,18,30.5,48.5,1926
"Robins",71,14.1,8.1,22.2,1926
"Senators",81,10.3,22.7,33,1926
"Tigers",79,13.2,19.6,32.8,1926
"White Sox",81,14.9,25.2,40.1,1926
"Yankees",91,13.1,32.3,45.4,1926
"Athletics",91,18.4,25.2,43.6,1927
"Braves",60,9.9,7.4,17.3,1927
"Browns",59,9.5,6.3,15.8,1927
"Cardinals",92,14,27.9,41.9,1927
"Cubs",85,11.7,26,37.7,1927
"Giants",92,9.3,32.6,41.9,1927
"Indians",66,15,6.5,21.5,1927
"Phillies",51,13.6,1.9,15.5,1927
"Pirates",94,17.1,27.3,44.4,1927
"Red Sox",51,10.2,0,10.2,1927
"Reds",75,18.3,17.7,36,1927
"Robins",65,15.2,3.5,18.7,1927
"Senators",85,14,20.4,34.4,1927
"Tigers",82,12.1,21.7,33.8,1927
"White Sox",70,12.1,16.4,28.5,1927
"Yankees",110,17,49.3,66.3,1927
"Athletics",98,19.3,29.7,49,1928
"Braves",50,2.6,8.6,11.2,1928
"Browns",82,13.1,16.5,29.6,1928
"Cardinals",95,16.5,26.9,43.4,1928
"Cubs",91,17.8,24.1,41.9,1928
"Giants",93,14.9,30.7,45.6,1928
"Indians",62,13.3,10.1,23.4,1928
"Phillies",43,6.6,1.1,7.7,1928
"Pirates",85,16.8,24.7,41.5,1928
"Red Sox",57,13.2,7.4,20.6,1928
"Reds",78,13.7,15.4,29.1,1928
"Robins",77,18.5,13.2,31.7,1928
"Senators",75,16.3,21.1,37.4,1928
"Tigers",68,11.8,13.8,25.6,1928
"White Sox",72,10,10.3,20.3,1928
"Yankees",101,12.8,35,47.8,1928
"Athletics",104,16.9,30.7,47.6,1929
"Braves",56,7.7,3.3,11,1929
"Browns",79,14.7,15,29.7,1929
"Cardinals",78,14.7,16.5,31.2,1929
"Cubs",98,16.9,32.8,49.7,1929
"Giants",84,14.2,25.5,39.7,1929
"Indians",81,17.7,14.6,32.3,1929
"Phillies",71,9.2,19.7,28.9,1929
"Pirates",88,15.6,21.2,36.8,1929
"Red Sox",58,10.9,5.3,16.2,1929
"Reds",66,16,11.8,27.8,1929
"Robins",70,12.5,14.5,27,1929
"Senators",71,17.1,15.8,32.9,1929
"Tigers",70,12.9,19.2,32.1,1929
"White Sox",59,9,7.6,16.6,1929
"Yankees",88,10.1,35,45.1,1929
"Athletics",102,19.7,28.1,47.8,1930
"Braves",70,9.3,2.9,12.2,1930
"Browns",64,11.6,6,17.6,1930
"Cardinals",92,19.9,24.6,44.5,1930
"Cubs",90,14,30.2,44.2,1930
"Giants",87,12,30.7,42.7,1930
"Indians",81,14.7,16.4,31.1,1930
"Phillies",52,12.6,4.2,16.8,1930
"Pirates",80,11.4,17.3,28.7,1930
"Red Sox",52,10.7,3.6,14.3,1930
"Reds",59,13.6,8.4,22,1930
"Robins",86,15,27.5,42.5,1930
"Senators",94,17.4,31,48.4,1930
"Tigers",75,13.5,13.9,27.4,1930
"White Sox",62,13.9,6.3,20.2,1930
"Yankees",86,8.6,38.6,47.2,1930
"Athletics",107,19.2,32.8,52,1931
"Braves",64,9.8,7.8,17.6,1931
"Browns",63,15.7,7.4,23.1,1931
"Cardinals",101,17.2,25.4,42.6,1931
"Cubs",84,12.7,30.5,43.2,1931
"Giants",87,12.9,29.3,42.2,1931
"Indians",78,15.2,21.7,36.9,1931
"Phillies",66,16.8,6.3,23.1,1931
"Pirates",75,11.5,16.2,27.7,1931
"Red Sox",62,12.4,4.7,17.1,1931
"Reds",58,9.6,12.3,21.9,1931
"Robins",79,16.9,15.5,32.4,1931
"Senators",92,14.4,25,39.4,1931
"Tigers",61,12.9,7.2,20.1,1931
"White Sox",56,5.5,2.8,8.3,1931
"Yankees",94,14.3,45,59.3,1931
"Athletics",94,14.6,36.7,51.3,1932
"Braves",77,10.3,14,24.3,1932
"Browns",63,14.6,7.9,22.5,1932
"Cardinals",72,19.5,9.6,29.1,1932
"Cubs",90,15.5,21.4,36.9,1932
"Dodgers",81,13.1,25.4,38.5,1932
"Giants",72,7,18.9,25.9,1932
"Indians",87,22,18.9,40.9,1932
"Phillies",78,15.1,20,35.1,1932
"Pirates",86,12.2,19.7,31.9,1932
"Red Sox",43,7.7,-1.4,6.3,1932
"Reds",60,15.1,14.4,29.5,1932
"Senators",93,14,25.2,39.2,1932
"Tigers",76,13.5,16,29.5,1932
"White Sox",49,7.6,4.1,11.7,1932
"Yankees",107,15.2,38.5,53.7,1932
"Athletics",79,9.2,26.1,35.3,1933
"Braves",83,10.4,16.3,26.7,1933
"Browns",55,13.9,2.1,16,1933
"Cardinals",82,18.5,20.1,38.6,1933
"Cubs",86,12.4,28,40.4,1933
"Dodgers",65,11.7,13,24.7,1933
"Giants",91,12.8,25.4,38.2,1933
"Indians",75,18.6,7,25.6,1933
"Phillies",60,12.2,8.6,20.8,1933
"Pirates",87,15.5,24.2,39.7,1933
"Red Sox",63,11.5,14.3,25.8,1933
"Reds",58,15,6,21,1933
"Senators",99,15.7,29.1,44.8,1933
"Tigers",75,14.5,17,31.5,1933
"White Sox",67,9.9,14.8,24.7,1933
"Yankees",91,13.3,35.4,48.7,1933
"Athletics",68,9.4,21.5,30.9,1934
"Braves",78,8.1,17.8,25.9,1934
"Browns",67,13.8,2.9,16.7,1934
"Cardinals",95,19.4,24,43.4,1934
"Cubs",86,15.2,21.8,37,1934
"Dodgers",71,9.9,23.3,33.2,1934
"Giants",93,14.4,26.4,40.8,1934
"Indians",85,17.2,21,38.2,1934
"Phillies",56,11.5,7.4,18.9,1934
"Pirates",74,14.3,18.1,32.4,1934
"Red Sox",76,18.8,10.8,29.6,1934
"Reds",52,13.3,2.6,15.9,1934
"Senators",66,12.6,17.5,30.1,1934
"Tigers",101,17.9,33.5,51.4,1934
"White Sox",53,4.1,4.5,8.6,1934
"Yankees",94,15,33.9,48.9,1934
"Athletics",58,7.9,14.2,22.1,1935
"Braves",38,4.1,6.4,10.5,1935
"Browns",65,13.2,3.8,17,1935
"Cardinals",96,20.5,22.1,42.6,1935
"Cubs",100,15.1,34.3,49.4,1935
"Dodgers",70,10.9,17.1,28,1935
"Giants",91,8.4,29.9,38.3,1935
"Indians",82,20.3,18.8,39.1,1935
"Phillies",64,14.3,-2.2,12.1,1935
"Pirates",86,21.4,21.5,42.9,1935
"Red Sox",78,19.9,13,32.9,1935
"Reds",68,12.3,13.4,25.7,1935
"Senators",67,7.8,17.3,25.1,1935
"Tigers",93,17.4,31.7,49.1,1935
"White Sox",74,10.9,16.4,27.3,1935
"Yankees",89,11.2,30.3,41.5,1935
"Athletics",53,4.8,2.5,7.3,1936
"Bees",71,6,17.8,23.8,1936
"Browns",57,10.2,4.3,14.5,1936
"Cardinals",87,14.9,17,31.9,1936
"Cubs",87,14.8,27.5,42.3,1936
"Dodgers",67,12.5,7.1,19.6,1936
"Giants",92,12.9,27.8,40.7,1936
"Indians",80,18.8,22.2,41,1936
"Phillies",54,16.2,6,22.2,1936
"Pirates",84,17.9,22.8,40.7,1936
"Red Sox",74,21.7,8.3,30,1936
"Reds",74,13.5,17.7,31.2,1936
"Senators",82,13.4,22.4,35.8,1936
"Tigers",83,13.6,25.6,39.2,1936
"White Sox",81,12.4,20.9,33.3,1936
"Yankees",102,13.4,40.4,53.8,1936
"Athletics",54,10.1,10.3,20.4,1937
"Bees",79,9.7,18.2,27.9,1937
"Browns",46,7.2,5.3,12.5,1937
"Cardinals",80,13.5,17.2,30.7,1937
"Cubs",93,11,31.2,42.2,1937
"Dodgers",62,15.2,7.3,22.5,1937
"Giants",95,14.7,27.7,42.4,1937
"Indians",83,19.9,16.4,36.3,1937
"Phillies",61,14,7.4,21.4,1937
"Pirates",86,16.8,22.7,39.5,1937
"Red Sox",80,20.1,11.8,31.9,1937
"Reds",56,13.9,11.2,25.1,1937
"Senators",73,8,19,27,1937
"Tigers",89,11.5,29.4,40.9,1937
"White Sox",86,14,18.8,32.8,1937
"Yankees",102,17,36.6,53.6,1937
"Athletics",53,8,7.1,15.1,1938
"Bees",77,8,12.8,20.8,1938
"Browns",55,12.1,6.2,18.3,1938
"Cardinals",71,15.5,18.1,33.6,1938
"Cubs",89,17.6,21,38.6,1938
"Dodgers",69,12.9,14.1,27,1938
"Giants",83,13.3,23.9,37.2,1938
"Indians",86,15.5,20,35.5,1938
"Phillies",45,8.4,-0.6,7.8,1938
"Pirates",86,15.2,26.8,42,1938
"Red Sox",88,17.3,24.8,42.1,1938
"Reds",82,12.8,26,38.8,1938
"Senators",75,10,25.5,35.5,1938
"Tigers",84,14.5,17.2,31.7,1938
"White Sox",65,14.8,9.8,24.6,1938
"Yankees",99,17.7,34.2,51.9,1938
"Athletics",55,3.9,5.9,9.8,1939
"Bees",63,7.3,14.1,21.4,1939
"Browns",43,6.3,-0.1,6.2,1939
"Cardinals",92,18.2,27.8,46,1939
"Cubs",84,18.4,15.2,33.6,1939
"Dodgers",84,17.2,17.9,35.1,1939
"Giants",77,11.6,19.9,31.5,1939
"Indians",87,16.5,19.8,36.3,1939
"Phillies",45,3.7,3.2,6.9,1939
"Pirates",68,15.1,15.3,30.4,1939
"Red Sox",89,18.9,22.2,41.1,1939
"Reds",97,14.2,29.6,43.8,1939
"Senators",65,12.8,17.7,30.5,1939
"Tigers",81,19.7,20.4,40.1,1939
"White Sox",85,17.8,15.1,32.9,1939
"Yankees",106,14.6,44.7,59.3,1939
"Athletics",54,9.8,7.6,17.4,1940
"Bees",65,3.3,13.7,17,1940
"Browns",67,9.9,10.6,20.5,1940
"Cardinals",84,17.3,20.2,37.5,1940
"Cubs",75,17.2,21.2,38.4,1940
"Dodgers",88,18,16.5,34.5,1940
"Giants",72,12.3,18.2,30.5,1940
"Indians",89,15.1,23.8,38.9,1940
"Phillies",50,11.2,2.8,14,1940
"Pirates",78,13.1,22.7,35.8,1940
"Red Sox",82,12.1,23.6,35.7,1940
"Reds",100,17.1,28.8,45.9,1940
"Senators",64,11.9,9.3,21.2,1940
"Tigers",90,22.1,24.4,46.5,1940
"White Sox",82,16.3,17.9,34.2,1940
"Yankees",88,10.7,28.8,39.5,1940
"Athletics",64,5.3,16,21.3,1941
"Braves",62,7.1,12.2,19.3,1941
"Browns",70,11.1,19.7,30.8,1941
"Cardinals",97,17.6,26.5,44.1,1941
"Cubs",70,16.3,16.6,32.9,1941
"Dodgers",100,17,35.1,52.1,1941
"Giants",74,11.2,16,27.2,1941
"Indians",75,13.6,16.6,30.2,1941
"Phillies",43,7.1,3.3,10.4,1941
"Pirates",81,12.8,22,34.8,1941
"Red Sox",83,15.6,28.7,44.3,1941
"Reds",88,17.5,12.8,30.3,1941
"Senators",70,14.6,12.4,27,1941
"Tigers",75,21,7.4,28.4,1941
"White Sox",77,17.8,9.3,27.1,1941
"Yankees",101,12.1,37.1,49.2,1941
"Athletics",55,8.2,2.2,10.4,1942
"Braves",58,5.3,13.2,18.5,1942
"Browns",82,15.8,21.6,37.4,1942
"Cardinals",106,22.9,30.6,53.5,1942
"Cubs",68,11.6,19.4,31,1942
"Dodgers",104,16.3,29,45.3,1942
"Giants",85,10.7,24.4,35.1,1942
"Indians",75,7.6,20.2,27.8,1942
"Phillies",42,7.2,0.8,8,1942
"Pirates",66,15.1,11.6,26.7,1942
"Red Sox",93,14.3,34.2,48.5,1942
"Reds",76,17.4,13.5,30.9,1942
"Senators",62,12.9,9.4,22.3,1942
"Tigers",73,21.1,7.1,28.2,1942
"White Sox",66,11.1,10.3,21.4,1942
"Yankees",103,17.3,39.4,56.7,1942
"Athletics",49,10.2,-1.6,8.6,1943
"Blue Jays",64,12,10.6,22.6,1943
"Braves",68,12.3,6.2,18.5,1943
"Browns",72,15,13.2,28.2,1943
"Cardinals",105,23.6,33.3,56.9,1943
"Cubs",74,16.2,22.3,38.5,1943
"Dodgers",81,8.2,22.8,31,1943
"Giants",55,7,7.1,14.1,1943
"Indians",82,9.4,27.1,36.5,1943
"Pirates",80,17.7,21.8,39.5,1943
"Red Sox",68,10.5,13.7,24.2,1943
"Reds",87,11,20.9,31.9,1943
"Senators",84,12,25.1,37.1,1943
"Tigers",78,22.1,17.5,39.6,1943
"White Sox",82,11.2,18.2,29.4,1943
"Yankees",98,18.8,32.1,50.9,1943
"Athletics",72,17.6,9.5,27.1,1944
"Blue Jays",61,17.3,11.3,28.6,1944
"Braves",65,10.9,10.8,21.7,1944
"Browns",89,18.2,15.2,33.4,1944
"Cardinals",105,22.5,36.9,59.4,1944
"Cubs",75,14.5,17.3,31.8,1944
"Dodgers",63,5.8,10.8,16.6,1944
"Giants",67,3.5,18.8,22.3,1944
"Indians",72,6.6,28.7,35.3,1944
"Pirates",90,18.7,20.1,38.8,1944
"Red Sox",77,10,23.5,33.5,1944
"Reds",89,15.4,19.9,35.3,1944
"Senators",64,12.5,12.6,25.1,1944
"Tigers",88,22.9,17.3,40.2,1944
"White Sox",71,12.5,8.9,21.4,1944
"Yankees",83,9.1,29.6,38.7,1944
"Athletics",52,12.1,6.1,18.2,1945
"Braves",67,6.5,21.1,27.6,1945
"Browns",81,17.3,13,30.3,1945
"Cardinals",95,16.1,23.6,39.7,1945
"Cubs",98,21,29.6,50.6,1945
"Dodgers",87,12.8,24.5,37.3,1945
"Giants",78,12.8,20.2,33,1945
"Indians",73,11.1,20.2,31.3,1945
"Phillies",46,7.6,-1.4,6.2,1945
"Pirates",82,21.4,20.1,41.5,1945
"Red Sox",71,9.7,18.9,28.6,1945
"Reds",61,7.5,8.8,16.3,1945
"Senators",87,17.5,19.8,37.3,1945
"Tigers",88,18.5,18.7,37.2,1945
"White Sox",71,11.7,14.5,26.2,1945
"Yankees",81,11.8,30.8,42.6,1945
"Athletics",49,9.3,6.5,15.8,1946
"Braves",81,14.2,20.6,34.8,1946
"Browns",66,15.4,6.2,21.6,1946
"Cardinals",98,18.3,25.7,44,1946
"Cubs",82,15.5,17.9,33.4,1946
"Dodgers",96,14.1,25.6,39.7,1946
"Giants",61,3.6,19.3,22.9,1946
"Indians",68,10.8,15.3,26.1,1946
"Phillies",69,10,11.7,21.7,1946
"Pirates",63,16.6,9.4,26,1946
"Red Sox",104,17.2,34.3,51.5,1946
"Reds",67,14.7,15.5,30.2,1946
"Senators",76,8.1,16.2,24.3,1946
"Tigers",92,23,23.3,46.3,1946
"White Sox",74,11.1,14.7,25.8,1946
"Yankees",87,16.4,29.1,45.5,1946
"Athletics",78,12.3,18.9,31.2,1947
"Braves",86,18.4,21.6,40,1947
"Browns",59,13.6,4.7,18.3,1947
"Cardinals",89,20.6,21.7,42.3,1947
"Cubs",69,9,10.6,19.6,1947
"Dodgers",94,12.7,30,42.7,1947
"Giants",81,10.7,27.4,38.1,1947
"Indians",80,7.4,28.5,35.9,1947
"Phillies",62,15.2,7.6,22.8,1947
"Pirates",62,6.5,17.2,23.7,1947
"Red Sox",83,17.3,23.5,40.8,1947
"Reds",73,14.2,10.1,24.3,1947
"Senators",64,14.3,2.5,16.8,1947
"Tigers",85,21.4,22.3,43.7,1947
"White Sox",70,11.4,12.7,24.1,1947
"Yankees",97,13.1,32.2,45.3,1947
"Athletics",84,13.5,16.6,30.1,1948
"Braves",91,16.5,33.7,50.2,1948
"Browns",59,11.4,7.9,19.3,1948
"Cardinals",85,20.1,17.7,37.8,1948
"Cubs",64,13.1,14.2,27.3,1948
"Dodgers",84,12.4,20.7,33.1,1948
"Giants",78,9.9,21.8,31.7,1948
"Indians",97,13.7,42,55.7,1948
"Phillies",66,12.4,9.5,21.9,1948
"Pirates",83,12.2,20.1,32.3,1948
"Red Sox",96,21.7,28.8,50.5,1948
"Reds",64,12.1,6.1,18.2,1948
"Senators",56,7.8,-0.2,7.6,1948
"Tigers",78,19.8,16.1,35.9,1948
"White Sox",51,6.9,4.3,11.2,1948
"Yankees",94,14.2,30.9,45.1,1948
"Athletics",81,9.7,22,31.7,1949
"Braves",75,13,20.1,33.1,1949
"Browns",53,12,-1.8,10.2,1949
"Cardinals",96,22.4,24.1,46.5,1949
"Cubs",61,12.9,6.9,19.8,1949
"Dodgers",97,15.8,33.4,49.2,1949
"Giants",72,10.2,23.6,33.8,1949
"Indians",89,16.8,24.6,41.4,1949
"Phillies",81,13.6,15.6,29.2,1949
"Pirates",71,12.4,12.7,25.1,1949
"Red Sox",96,23.3,31.5,54.8,1949
"Reds",62,8.6,8.6,17.2,1949
"Senators",50,9.4,4,13.4,1949
"Tigers",87,19.4,20.2,39.6,1949
"White Sox",63,9.4,14.9,24.3,1949
"Yankees",97,8.9,30.3,39.2,1949
"Athletics",52,8.3,11.1,19.4,1950
"Braves",83,12.3,22.3,34.6,1950
"Browns",58,14.3,-5.3,9,1950
"Cardinals",78,16.9,15.3,32.2,1950
"Cubs",64,11.5,10.5,22,1950
"Dodgers",89,13.9,30.6,44.5,1950
"Giants",86,13.6,24,37.6,1950
"Indians",92,12.7,29.8,42.5,1950
"Phillies",91,15.9,20.6,36.5,1950
"Pirates",57,11.1,13.8,24.9,1950
"Red Sox",94,17,32.7,49.7,1950
"Reds",66,13.5,6.8,20.3,1950
"Senators",67,15.1,8.2,23.3,1950
"Tigers",95,16.6,27.8,44.4,1950
"White Sox",60,11.3,9.6,20.9,1950
"Yankees",98,13.7,32.7,46.4,1950
"Athletics",70,12,22.1,34.1,1951
"Braves",76,13.5,20.4,33.9,1951
"Browns",52,6.4,-2,4.4,1951
"Cardinals",81,14.4,21.4,35.8,1951
"Cubs",62,12.6,6.6,19.2,1951
"Dodgers",97,14.4,34.5,48.9,1951
"Giants",98,14.2,31.2,45.4,1951
"Indians",93,15.5,24,39.5,1951
"Phillies",73,15.5,15.6,31.1,1951
"Pirates",64,8.9,12.9,21.8,1951
"Red Sox",87,21.4,20.6,42,1951
"Reds",68,16.1,2.5,18.6,1951
"Senators",62,7.6,11.1,18.7,1951
"Tigers",73,15.4,14.9,30.3,1951
"White Sox",81,15.4,24,39.4,1951
"Yankees",98,15.4,31.1,46.5,1951
"Athletics",79,13.4,17.4,30.8,1952
"Braves",64,12.2,7.5,19.7,1952
"Browns",64,12.8,9.7,22.5,1952
"Cardinals",88,14.1,27.4,41.5,1952
"Cubs",77,16.9,17.5,34.4,1952
"Dodgers",96,14.9,31,45.9,1952
"Giants",92,9.9,25.9,35.8,1952
"Indians",93,13.1,32.6,45.7,1952
"Phillies",87,19.8,25.1,44.9,1952
"Pirates",42,7.1,-1.4,5.7,1952
"Red Sox",76,14.3,16.2,30.5,1952
"Reds",69,12.5,10.5,23,1952
"Senators",78,14.9,7.2,22.1,1952
"Tigers",50,13,8.3,21.3,1952
"White Sox",81,18.5,17.8,36.3,1952
"Yankees",95,10.6,37.7,48.3,1952
"Athletics",59,12.3,11.1,23.4,1953
"Braves",92,16.7,20.8,37.5,1953
"Browns",54,16.4,4.9,21.3,1953
"Cardinals",83,16.4,22.8,39.2,1953
"Cubs",65,11.7,6.4,18.1,1953
"Dodgers",105,15,40.4,55.4,1953
"Giants",70,10.1,18.9,29,1953
"Indians",92,14.5,29.9,44.4,1953
"Phillies",83,18.1,20.6,38.7,1953
"Pirates",50,10,0.3,10.3,1953
"Red Sox",84,20.8,11.3,32.1,1953
"Reds",68,8.6,15.2,23.8,1953
"Senators",76,11.3,20.7,32,1953
"Tigers",60,8.1,16.7,24.8,1953
"White Sox",89,14.8,16.8,31.6,1953
"Yankees",99,12.7,34.1,46.8,1953
"Athletics",51,3.9,-2.5,1.4,1954
"Braves",89,15,21.2,36.2,1954
"Cardinals",72,10.7,24.7,35.4,1954
"Cubs",64,14.1,12,26.1,1954
"Dodgers",92,15,28.3,43.3,1954
"Giants",97,15.8,24.8,40.6,1954
"Indians",111,19.9,30.9,50.8,1954
"Orioles",54,9.8,6.7,16.5,1954
"Phillies",74,16.6,21.1,37.7,1954
"Pirates",53,13.1,-0.9,12.2,1954
"Red Sox",69,16.6,21.3,37.9,1954
"Redlegs",74,8.6,13.3,21.9,1954
"Senators",66,15.3,12,27.3,1954
"Tigers",68,9.5,14.7,24.2,1954
"White Sox",94,19.8,28.9,48.7,1954
"Yankees",103,14.3,33,47.3,1954
"Athletics",63,1.8,7.9,9.7,1955
"Braves",85,9.4,26.3,35.7,1955
"Cardinals",68,10,13.1,23.1,1955
"Cubs",72,13.5,10.9,24.4,1955
"Dodgers",98,18.8,33.3,52.1,1955
"Giants",80,12.9,15.8,28.7,1955
"Indians",93,21.7,20.4,42.1,1955
"Orioles",57,9.1,0.6,9.7,1955
"Phillies",77,13,23.2,36.2,1955
"Pirates",60,14.9,-2.8,12.1,1955
"Red Sox",84,18.9,26.4,45.3,1955
"Redlegs",75,16.3,23.2,39.5,1955
"Senators",53,12.2,2.7,14.9,1955
"Tigers",79,15.1,23.8,38.9,1955
"White Sox",91,20.4,26.5,46.9,1955
"Yankees",96,9.9,37.7,47.6,1955
"Athletics",52,4,3.9,7.9,1956
"Braves",92,10.6,30.3,40.9,1956
"Cardinals",76,13.2,20,33.2,1956
"Cubs",60,9.3,9.8,19.1,1956
"Dodgers",93,16.1,29.2,45.3,1956
"Giants",67,13.2,9.2,22.4,1956
"Indians",88,22.1,16.7,38.8,1956
"Orioles",69,16.9,6,22.9,1956
"Phillies",71,12.6,12.3,24.9,1956
"Pirates",66,12.8,8.2,21,1956
"Red Sox",84,18.4,28.3,46.7,1956
"Redlegs",91,18.6,23.8,42.4,1956
"Senators",59,2.6,6,8.6,1956
"Tigers",82,13.6,27.2,40.8,1956
"White Sox",85,20,25.4,45.4,1956
"Yankees",97,13.9,33.7,47.6,1956
"Athletics",59,8.7,7.6,16.3,1957
"Braves",95,7.7,35.1,42.8,1957
"Cardinals",87,16.1,20.4,36.5,1957
"Cubs",62,11.8,6.3,18.1,1957
"Dodgers",84,20.5,17.3,37.8,1957
"Giants",69,10.7,12.1,22.8,1957
"Indians",76,11.1,14.2,25.3,1957
"Orioles",76,17.9,19.7,37.6,1957
"Phillies",77,19.7,12.4,32.1,1957
"Pirates",62,10.1,17.6,27.7,1957
"Red Sox",82,21.5,22.5,44,1957
"Redlegs",80,11.2,23.5,34.7,1957
"Senators",55,7.5,0.4,7.9,1957
"Tigers",78,14.6,16.2,30.8,1957
"White Sox",90,14.6,30.4,45,1957
"Yankees",98,14,33,47,1957
"Athletics",73,13.7,11.2,24.9,1958
"Braves",92,15.4,31.5,46.9,1958
"Cardinals",72,13,10.2,23.2,1958
"Cubs",72,9.8,22.2,32,1958
"Dodgers",71,10.2,8.6,18.8,1958
"Giants",80,9,23.2,32.2,1958
"Indians",77,10.6,21.5,32.1,1958
"Orioles",74,18.3,9.9,28.2,1958
"Phillies",69,16.9,13.8,30.7,1958
"Pirates",84,15.4,22,37.4,1958
"Red Sox",79,17,22.5,39.5,1958
"Redlegs",76,18.3,13.8,32.1,1958
"Senators",61,9.9,0.9,10.8,1958
"Tigers",77,18.2,19.3,37.5,1958
"White Sox",82,10,21.8,31.8,1958
"Yankees",92,12.2,36.7,48.9,1958
"Athletics",66,12.4,13.1,25.5,1959
"Braves",86,12.7,27,39.7,1959
"Cardinals",71,16.9,12.8,29.7,1959
"Cubs",74,10.6,19.9,30.5,1959
"Dodgers",88,16.7,17.4,34.1,1959
"Giants",83,14.3,23.2,37.5,1959
"Indians",89,8.4,26.9,35.3,1959
"Orioles",74,16.6,10.5,27.1,1959
"Phillies",64,12.6,5.3,17.9,1959
"Pirates",78,15,16.1,31.1,1959
"Red Sox",75,14.2,18.5,32.7,1959
"Redlegs",74,11.2,23.7,34.9,1959
"Senators",63,17.3,4.5,21.8,1959
"Tigers",76,13.4,22.1,35.5,1959
"White Sox",94,13.9,24.6,38.5,1959
"Yankees",79,12.1,24.4,36.5,1959
"Athletics",58,11.3,3.8,15.1,1960
"Braves",88,6.6,28.5,35.1,1960
"Cardinals",86,19.6,14.6,34.2,1960
"Cubs",60,7,11.3,18.3,1960
"Dodgers",82,16.9,18.8,35.7,1960
"Giants",79,15.8,20.8,36.6,1960
"Indians",76,5.6,21.1,26.7,1960
"Orioles",89,14.1,23.9,38,1960
"Phillies",59,12.3,3.7,16,1960
"Pirates",95,20.6,29.8,50.4,1960
"Red Sox",65,16.2,9.6,25.8,1960
"Reds",67,13,16.8,29.8,1960
"Senators",73,17.2,11.3,28.5,1960
"Tigers",71,20.2,12.1,32.3,1960
"White Sox",87,12.3,28.9,41.2,1960
"Yankees",97,9.1,34,43.1,1960
"Angels",70,13.5,14.1,27.6,1961
"Athletics",61,13.1,1.8,14.9,1961
"Braves",83,6.2,30.3,36.5,1961
"Cardinals",80,17.8,17.8,35.6,1961
"Cubs",64,11.6,11.1,22.7,1961
"Dodgers",89,17.7,15,32.7,1961
"Giants",85,12.4,25.6,38,1961
"Indians",78,7.1,22.1,29.2,1961
"Orioles",95,19.2,24.7,43.9,1961
"Phillies",47,10.1,5,15.1,1961
"Pirates",75,19.1,18.1,37.2,1961
"Red Sox",76,12.3,13.4,25.7,1961
"Reds",93,15,21.8,36.8,1961
"Senators",61,11.5,11,22.5,1961
"Tigers",101,19.5,31.5,51,1961
"Twins",70,16.5,13.2,29.7,1961
"White Sox",86,14.4,21.3,35.7,1961
"Yankees",109,14.9,37.3,52.2,1961
"Angels",86,13.2,17.4,30.6,1962
"Athletics",72,8,13.9,21.9,1962
"Braves",86,12.7,27,39.7,1962
"Cardinals",84,21.1,23.1,44.2,1962
"Colt .45's",64,21,2.6,23.6,1962
"Cubs",59,8.9,8.3,17.2,1962
"Dodgers",102,17.5,30.1,47.6,1962
"Giants",103,13,37.8,50.8,1962
"Indians",80,8.4,16.5,24.9,1962
"Mets",40,5.1,0.2,5.3,1962
"Orioles",77,14.9,17.4,32.3,1962
"Phillies",81,9.1,19.6,28.7,1962
"Pirates",93,20.1,18,38.1,1962
"Red Sox",76,15.7,17.9,33.6,1962
"Reds",98,15.6,23.3,38.9,1962
"Senators",60,12.8,10.4,23.2,1962
"Tigers",85,16,19.9,35.9,1962
"Twins",91,19.7,24.9,44.6,1962
"White Sox",85,18,19.7,37.7,1962
"Yankees",96,15.5,32,47.5,1962
"Angels",70,10.3,15.7,26,1963
"Athletics",73,14,6.5,20.5,1963
"Braves",84,7.3,28.8,36.1,1963
"Cardinals",93,19.7,31.2,50.9,1963
"Colt .45's",66,18,-0.7,17.3,1963
"Cubs",82,18.2,15.5,33.7,1963
"Dodgers",99,17.7,22.5,40.2,1963
"Giants",88,13.8,29.6,43.4,1963
"Indians",79,12.8,12.9,25.7,1963
"Mets",51,3.1,-4.6,-1.5,1963
"Orioles",86,12.8,21.7,34.5,1963
"Phillies",87,12.2,27.4,39.6,1963
"Pirates",74,15.3,20.5,35.8,1963
"Red Sox",76,17.4,19.6,37,1963
"Reds",86,21.1,20.1,41.2,1963
"Senators",56,3.9,3.9,7.8,1963
"Tigers",79,8.9,23.6,32.5,1963
"Twins",91,16.3,32.7,49,1963
"White Sox",94,22.7,24.8,47.5,1963
"Yankees",104,20.8,27.3,48.1,1963
"Angels",82,17.7,14.8,32.5,1964
"Athletics",57,1.4,8.7,10.1,1964
"Braves",88,5.3,35,40.3,1964
"Cardinals",93,18.1,23.5,41.6,1964
"Colt .45's",66,14.7,-0.9,13.8,1964
"Cubs",76,10.8,20,30.8,1964
"Dodgers",80,18.8,19.3,38.1,1964
"Giants",90,16.2,21.5,37.7,1964
"Indians",79,17,10.3,27.3,1964
"Mets",53,5.1,8.2,13.3,1964
"Orioles",97,17.1,27.7,44.8,1964
"Phillies",92,13,23.5,36.5,1964
"Pirates",80,17.9,21.8,39.7,1964
"Red Sox",72,14.7,16.5,31.2,1964
"Reds",92,24.8,19.2,44,1964
"Senators",62,7.2,7.4,14.6,1964
"Tigers",85,13.8,23.7,37.5,1964
"Twins",79,14.5,27.9,42.4,1964
"White Sox",98,19.4,26.6,46,1964
"Yankees",99,19.1,25.8,44.9,1964
"Angels",75,13.7,15.2,28.9,1965
"Astros",65,16.3,7.4,23.7,1965
"Athletics",59,6.6,10.6,17.2,1965
"Braves",86,12,31.7,43.7,1965
"Cardinals",80,13.8,17.5,31.3,1965
"Cubs",72,10.2,10.2,20.4,1965
"Dodgers",97,15.6,25.6,41.2,1965
"Giants",95,18.7,21.4,40.1,1965
"Indians",87,21.7,20.4,42.1,1965
"Mets",50,4.9,-0.2,4.7,1965
"Orioles",94,16.2,24.7,40.9,1965
"Phillies",85,19.5,17.6,37.1,1965
"Pirates",90,20,26.5,46.5,1965
"Red Sox",62,15.9,19.4,35.3,1965
"Reds",89,16.7,33.1,49.8,1965
"Senators",70,4.1,8,12.1,1965
"Tigers",89,17.7,18.7,36.4,1965
"Twins",102,11.9,32,43.9,1965
"White Sox",95,14.2,27.8,42,1965
"Yankees",77,16.6,12.2,28.8,1965
"Angels",80,7.2,15.4,22.6,1966
"Astros",72,15.3,13.1,28.4,1966
"Athletics",74,12.1,8.9,21,1966
"Braves",85,13.4,30,43.4,1966
"Cardinals",83,14.6,19.9,34.5,1966
"Cubs",59,8.7,13.2,21.9,1966
"Dodgers",95,25.5,22.1,47.6,1966
"Giants",93,19.1,21.5,40.6,1966
"Indians",81,21,10.9,31.9,1966
"Mets",66,1.7,5.9,7.6,1966
"Orioles",97,17.5,31.2,48.7,1966
"Phillies",87,14.6,22.2,36.8,1966
"Pirates",92,14.4,33.8,48.2,1966
"Red Sox",72,12.5,15.9,28.4,1966
"Reds",76,16.5,10.7,27.2,1966
"Senators",71,9.4,14.9,24.3,1966
"Tigers",88,8.1,28.3,36.4,1966
"Twins",89,22.4,24.2,46.6,1966
"White Sox",83,17.8,18.1,35.9,1966
"Yankees",70,13.8,17.6,31.4,1966
"Angels",84,6.8,21.2,28,1967
"Astros",69,12.2,17.7,29.9,1967
"Athletics",62,12,9.9,21.9,1967
"Braves",77,11.8,19.8,31.6,1967
"Cardinals",101,18.2,29.2,47.4,1967
"Cubs",87,11.4,26.3,37.7,1967
"Dodgers",73,15.8,13.2,29,1967
"Giants",91,17.2,26.1,43.3,1967
"Indians",75,17,13.6,30.6,1967
"Mets",61,7.3,4.3,11.6,1967
"Orioles",76,12.2,27.4,39.6,1967
"Phillies",82,21.3,16.6,37.9,1967
"Pirates",81,6.9,28.3,35.2,1967
"Red Sox",92,16.8,27.3,44.1,1967
"Reds",87,22.3,11.9,34.2,1967
"Senators",76,10.5,10.6,21.1,1967
"Tigers",91,12.7,33.1,45.8,1967
"Twins",91,24.8,16.7,41.5,1967
"White Sox",89,16.5,17.2,33.7,1967
"Yankees",72,12.4,9,21.4,1967
"Angels",67,3.4,15,18.4,1968
"Astros",72,16.6,6.3,22.9,1968
"Athletics",82,9.8,23.8,33.6,1968
"Braves",81,16.1,22.3,38.4,1968
"Cardinals",97,19.8,23.6,43.4,1968
"Cubs",84,10.7,20.7,31.4,1968
"Dodgers",76,15.2,16.1,31.3,1968
"Giants",88,18.7,23.6,42.3,1968
"Indians",86,21,15,36,1968
"Mets",73,16.5,13.4,29.9,1968
"Orioles",91,16.2,30.3,46.5,1968
"Phillies",76,12.9,12.7,25.6,1968
"Pirates",80,12.3,30.3,42.6,1968
"Red Sox",86,17,20.3,37.3,1968
"Reds",83,7.9,27.1,35,1968
"Senators",65,5.1,6.4,11.5,1968
"Tigers",103,17.8,34.3,52.1,1968
"Twins",79,23.1,15.8,38.9,1968
"White Sox",67,13.2,9.8,23,1968
"Yankees",83,13,14.8,27.8,1968
"Angels",71,13.4,6.8,20.2,1969
"Astros",81,19.9,16.3,36.2,1969
"Athletics",88,7.2,29.3,36.5,1969
"Braves",93,15.1,25.2,40.3,1969
"Cardinals",87,22,17.7,39.7,1969
"Cubs",92,24.7,17.1,41.8,1969
"Dodgers",85,14.6,24.2,38.8,1969
"Expos",52,4.2,9.1,13.3,1969
"Giants",90,16.6,25,41.6,1969
"Indians",62,15.4,2.1,17.5,1969
"Mets",100,17.3,20.7,38,1969
"Orioles",109,20.5,44.6,65.1,1969
"Padres",52,3.9,3.2,7.1,1969
"Phillies",63,9.3,12.2,21.5,1969
"Pilots",64,6.9,5.3,12.2,1969
"Pirates",88,20.5,30.1,50.6,1969
"Red Sox",87,13.4,23.6,37,1969
"Reds",89,7.5,28.4,35.9,1969
"Royals",69,15.7,7.2,22.9,1969
"Senators",86,7.1,26.6,33.7,1969
"Tigers",90,19.9,22.4,42.3,1969
"Twins",97,21.7,30.8,52.5,1969
"White Sox",68,12.2,12.6,24.8,1969
"Yankees",80,14.9,16.1,31,1969
"Angels",86,8.9,21.3,30.2,1970
"Astros",79,14.4,16,30.4,1970
"Athletics",89,12.2,27.9,40.1,1970
"Braves",76,13.9,19.8,33.7,1970
"Brewers",65,12.1,9.4,21.5,1970
"Cardinals",76,20.9,11.1,32,1970
"Cubs",84,27.1,17.1,44.2,1970
"Dodgers",87,6.9,29.4,36.3,1970
"Expos",73,5.9,14.7,20.6,1970
"Giants",86,10.4,22.4,32.8,1970
"Indians",76,14.2,13.8,28,1970
"Mets",83,18,24.1,42.1,1970
"Orioles",108,20.4,36.9,57.3,1970
"Padres",63,6.5,15.9,22.4,1970
"Phillies",73,18.9,-1.4,17.5,1970
"Pirates",89,17.5,25,42.5,1970
"Red Sox",87,17.9,27.6,45.5,1970
"Reds",102,12,36,48,1970
"Royals",65,13.5,8.6,22.1,1970
"Senators",70,9.3,20.3,29.6,1970
"Tigers",79,15.8,9.3,25.1,1970
"Twins",98,21.5,25.6,47.1,1970
"White Sox",56,10.5,2.7,13.2,1970
"Yankees",93,15,22.5,37.5,1970
"Angels",76,13,10.3,23.3,1971
"Astros",79,20.6,13.3,33.9,1971
"Athletics",101,14.3,32.8,47.1,1971
"Braves",82,13,11.2,24.2,1971
"Brewers",69,9.4,12.6,22,1971
"Cardinals",90,14.3,24.3,38.6,1971
"Cubs",83,23,13.2,36.2,1971
"Dodgers",89,15.9,26.4,42.3,1971
"Expos",71,5.7,16.3,22,1971
"Giants",90,12.2,26.8,39,1971
"Indians",60,4.1,5.2,9.3,1971
"Mets",83,22.1,20.1,42.2,1971
"Orioles",101,17.3,39.3,56.6,1971
"Padres",61,14.1,6.1,20.2,1971
"Phillies",67,11.6,11.4,23,1971
"Pirates",97,13.2,37.3,50.5,1971
"Red Sox",85,16.4,24.1,40.5,1971
"Reds",79,8.7,23.8,32.5,1971
"Royals",85,19.1,15.4,34.5,1971
"Senators",63,5.7,7.3,13,1971
"Tigers",91,16.3,25.7,42,1971
"Twins",74,14.1,15.8,29.9,1971
"White Sox",79,26.9,13.9,40.8,1971
"Yankees",81,11.9,22.9,34.8,1971
"Angels",75,9.4,15.1,24.5,1972
"Astros",84,12.8,24.3,37.1,1972
"Athletics",93,14.2,29.9,44.1,1972
"Braves",70,7.8,18.7,26.5,1972
"Brewers",65,6.9,15.6,22.5,1972
"Cardinals",75,19.3,15.9,35.2,1972
"Cubs",85,21.5,19.5,41,1972
"Dodgers",85,17.5,25.9,43.4,1972
"Expos",70,14,9.6,23.6,1972
"Giants",69,8.5,23.1,31.6,1972
"Indians",72,10.9,11.2,22.1,1972
"Mets",83,17.3,7.3,24.6,1972
"Orioles",80,17,24.8,41.8,1972
"Padres",58,5.7,2.1,7.8,1972
"Phillies",59,15.4,9.5,24.9,1972
"Pirates",96,18.2,32.2,50.4,1972
"Rangers",54,7.2,1.4,8.6,1972
"Red Sox",85,17.2,18.5,35.7,1972
"Reds",95,9.2,35.5,44.7,1972
"Royals",76,17.5,22.1,39.6,1972
"Tigers",86,17.6,16.9,34.5,1972
"Twins",77,15.2,22.5,37.7,1972
"White Sox",87,19.8,10.1,29.9,1972
"Yankees",79,8.8,24.9,33.7,1972
"Angels",79,17.7,9.8,27.5,1973
"Astros",82,14.6,18.1,32.7,1973
"Athletics",94,9.6,36,45.6,1973
"Braves",76,13.2,29.8,43,1973
"Brewers",74,10.4,20,30.4,1973
"Cardinals",81,19.9,17.9,37.8,1973
"Cubs",77,22.1,4.2,26.3,1973
"Dodgers",95,16.6,27.6,44.2,1973
"Expos",79,10.6,22.6,33.2,1973
"Giants",88,13.1,25.8,38.9,1973
"Indians",71,9.6,9.3,18.9,1973
"Mets",82,19,12.4,31.4,1973
"Orioles",97,14.1,41.2,55.3,1973
"Padres",60,4.6,5.6,10.2,1973
"Phillies",71,13.3,10.8,24.1,1973
"Pirates",80,12.6,21.4,34,1973
"Rangers",57,7.7,5.5,13.2,1973
"Red Sox",89,16.7,28.3,45,1973
"Reds",99,9.4,31.4,40.8,1973
"Royals",88,15,15.1,30.1,1973
"Tigers",85,16.7,13.9,30.6,1973
"Twins",81,22.7,21.4,44.1,1973
"White Sox",77,18.9,7.6,26.5,1973
"Yankees",80,15.7,20.4,36.1,1973
"Angels",68,15.5,16.7,32.2,1974
"Astros",81,12.5,23.4,35.9,1974
"Athletics",90,23.7,26,49.7,1974
"Braves",88,25.3,19.3,44.6,1974
"Brewers",76,9.9,16,25.9,1974
"Cardinals",86,14,23.8,37.8,1974
"Cubs",66,18.1,-0.4,17.7,1974
"Dodgers",102,22.9,37.4,60.3,1974
"Expos",79,17.3,20.5,37.8,1974
"Giants",72,10.2,14.8,25,1974
"Indians",77,10.9,17.8,28.7,1974
"Mets",71,20.9,6.1,27,1974
"Orioles",91,16.7,26.6,43.3,1974
"Padres",60,3.9,0.8,4.7,1974
"Phillies",80,14.1,17.8,31.9,1974
"Pirates",88,17.5,28.1,45.6,1974
"Rangers",83,17.8,20.3,38.1,1974
"Red Sox",84,18.7,22.4,41.1,1974
"Reds",98,16.4,38.6,55,1974
"Royals",77,18.3,14.8,33.1,1974
"Tigers",72,11.7,6.5,18.2,1974
"Twins",82,20.5,19.7,40.2,1974
"White Sox",80,16.8,18,34.8,1974
"Yankees",89,17.9,21.6,39.5,1974
"Angels",72,15,7.1,22.1,1975
"Astros",64,6.5,18.1,24.6,1975
"Athletics",98,19.2,31.6,50.8,1975
"Braves",67,16,-2.3,13.7,1975
"Brewers",68,3.6,13.8,17.4,1975
"Cardinals",82,14.1,18.2,32.3,1975
"Cubs",75,14.6,8.2,22.8,1975
"Dodgers",88,20.6,31.1,51.7,1975
"Expos",75,11.9,10.9,22.8,1975
"Giants",80,13,13.1,26.1,1975
"Indians",79,12,19,31,1975
"Mets",82,17.9,18.6,36.5,1975
"Orioles",90,16.5,29.1,45.6,1975
"Padres",71,10.9,8.1,19,1975
"Phillies",86,16,32,48,1975
"Pirates",92,17.1,30.1,47.2,1975
"Rangers",79,13.9,16.9,30.8,1975
"Red Sox",95,14.8,29.4,44.2,1975
"Reds",108,11.9,43.2,55.1,1975
"Royals",91,18.1,22.6,40.7,1975
"Tigers",57,14.1,-0.4,13.7,1975
"Twins",76,11,21.7,32.7,1975
"White Sox",75,14.1,10.7,24.8,1975
"Yankees",83,19.5,23.3,42.8,1975
"Angels",76,16.9,9.2,26.1,1976
"Astros",80,7.1,22.7,29.8,1976
"Athletics",87,17.9,21.9,39.8,1976
"Braves",70,17.9,-0.7,17.2,1976
"Brewers",66,7.5,10,17.5,1976
"Cardinals",72,7.9,19.2,27.1,1976
"Cubs",75,16,5.9,21.9,1976
"Dodgers",92,14.3,25.1,39.4,1976
"Expos",55,8.5,3.3,11.8,1976
"Giants",74,15,6.9,21.9,1976
"Indians",81,21,14,35,1976
"Mets",86,23.4,21.5,44.9,1976
"Orioles",88,13.9,22.8,36.7,1976
"Padres",73,8,18.3,26.3,1976
"Phillies",101,22.8,32.4,55.2,1976
"Pirates",92,15.7,28.3,44,1976
"Rangers",76,13.5,15.6,29.1,1976
"Red Sox",83,15.7,22.3,38,1976
"Reds",102,14.6,45.9,60.5,1976
"Royals",90,15,25.3,40.3,1976
"Tigers",74,13,10.2,23.2,1976
"Twins",85,10.8,28.1,38.9,1976
"White Sox",64,11.9,8.7,20.6,1976
"Yankees",97,15,38.2,53.2,1976
"Angels",74,14.7,14.7,29.4,1977
"Astros",81,14.7,24.2,38.9,1977
"Athletics",63,11.7,5.6,17.3,1977
"Blue Jays",54,10.1,1.9,12,1977
"Braves",61,9.5,-6.6,2.9,1977
"Brewers",67,10.3,10.7,21,1977
"Cardinals",83,8.2,19,27.2,1977
"Cubs",81,24.6,5.9,30.5,1977
"Dodgers",98,23.1,29.1,52.2,1977
"Expos",75,10.8,21,31.8,1977
"Giants",75,15,13.4,28.4,1977
"Indians",71,18.5,14.3,32.8,1977
"Mariners",64,6.8,9.6,16.4,1977
"Mets",64,17.6,8.5,26.1,1977
"Orioles",97,15.2,26.4,41.6,1977
"Padres",69,1.7,17,18.7,1977
"Phillies",101,17.5,38.4,55.9,1977
"Pirates",96,16.8,27.5,44.3,1977
"Rangers",94,18.9,29.3,48.2,1977
"Red Sox",97,18.2,29.2,47.4,1977
"Reds",88,10,31.5,41.5,1977
"Royals",102,20.7,29.7,50.4,1977
"Tigers",74,16.1,13.5,29.6,1977
"Twins",84,11,23.7,34.7,1977
"White Sox",90,14.3,19,33.3,1977
"Yankees",100,16.1,37,53.1,1977
"Angels",87,13,17.1,30.1,1978
"Astros",74,14.5,17.1,31.6,1978
"Athletics",69,13.4,3.1,16.5,1978
"Blue Jays",59,8.3,3.7,12,1978
"Braves",69,12,4.5,16.5,1978
"Brewers",93,14.8,34.7,49.5,1978
"Cardinals",69,11.9,10.9,22.8,1978
"Cubs",79,13.2,12.2,25.4,1978
"Dodgers",95,18.1,33.4,51.5,1978
"Expos",76,5.7,26,31.7,1978
"Giants",89,19.3,17.9,37.2,1978
"Indians",69,15.9,13.4,29.3,1978
"Mariners",56,7,6.9,13.9,1978
"Mets",66,10.2,14.7,24.9,1978
"Orioles",90,16.8,27.7,44.5,1978
"Padres",84,17.6,16.7,34.3,1978
"Phillies",90,17.5,32,49.5,1978
"Pirates",88,17.6,18.1,35.7,1978
"Rangers",87,21.2,21.8,43,1978
"Red Sox",99,17.4,24.5,41.9,1978
"Reds",92,12.5,24.8,37.3,1978
"Royals",92,14.8,27.7,42.5,1978
"Tigers",86,14.9,24.5,39.4,1978
"Twins",73,17.4,19.8,37.2,1978
"White Sox",71,6.8,12.8,19.6,1978
"Yankees",100,20.2,27.8,48,1978
"Angels",88,15.1,24.9,40,1979
"Astros",89,17.1,18,35.1,1979
"Athletics",54,8,-9.7,-1.7,1979
"Blue Jays",53,7,2.9,9.9,1979
"Braves",66,15.9,2.8,18.7,1979
"Brewers",95,12.1,30.5,42.6,1979
"Cardinals",86,12.1,26.6,38.7,1979
"Cubs",80,18.9,12.2,31.1,1979
"Dodgers",79,16.2,26,42.2,1979
"Expos",95,15,26.8,41.8,1979
"Giants",71,5.8,9.8,15.6,1979
"Indians",81,14.7,12.9,27.6,1979
"Mariners",67,14.7,16.2,30.9,1979
"Mets",63,10.3,9.2,19.5,1979
"Orioles",102,19.1,32.1,51.2,1979
"Padres",68,11.4,15,26.4,1979
"Phillies",84,13,29.2,42.2,1979
"Pirates",98,17.7,25.5,43.2,1979
"Rangers",83,15.4,24.8,40.2,1979
"Red Sox",91,20.4,28.1,48.5,1979
"Reds",90,17.6,26.6,44.2,1979
"Royals",85,7.6,27.4,35,1979
"Tigers",84,12.9,19.2,32.1,1979
"Twins",82,19.8,16.4,36.2,1979
"White Sox",73,12.5,19.2,31.7,1979
"Yankees",89,20.7,19.7,40.4,1979
"Angels",65,9.8,10.4,20.2,1980
"Astros",93,21.6,24.2,45.8,1980
"Athletics",83,13.7,27.4,41.1,1980
"Blue Jays",67,10.1,6.8,16.9,1980
"Braves",81,13.3,12.9,26.2,1980
"Brewers",86,10.2,32.4,42.6,1980
"Cardinals",74,10,27,37,1980
"Cubs",64,14.4,3,17.4,1980
"Dodgers",92,15.6,26.9,42.5,1980
"Expos",90,16,23.1,39.1,1980
"Giants",75,12,8.8,20.8,1980
"Indians",79,13.9,16.3,30.2,1980
"Mariners",59,13.9,1.7,15.6,1980
"Mets",67,7.3,9.8,17.1,1980
"Orioles",100,15.5,31.5,47,1980
"Padres",73,9.2,20.9,30.1,1980
"Phillies",91,20.2,25.3,45.5,1980
"Pirates",83,16.9,20.8,37.7,1980
"Rangers",76,17.1,16.4,33.5,1980
"Red Sox",83,15.8,24.7,40.5,1980
"Reds",89,13.5,24.3,37.8,1980
"Royals",97,12.6,30.1,42.7,1980
"Tigers",84,13.9,22.1,36,1980
"Twins",77,18,12.4,30.4,1980
"White Sox",70,13.8,6.1,19.9,1980
"Yankees",103,23.4,28.6,52,1980
"Angels",51,7.7,16.3,24,1981
"Astros",61,15.6,17.4,33,1981
"Athletics",64,8.6,20.3,28.9,1981
"Blue Jays",37,7.9,-1.9,6,1981
"Braves",50,10.8,7.9,18.7,1981
"Brewers",62,7.7,14.9,22.6,1981
"Cardinals",59,7.9,20.3,28.2,1981
"Cubs",38,8.1,-2.2,5.9,1981
"Dodgers",63,14.6,16.8,31.4,1981
"Expos",60,12.5,17.9,30.4,1981
"Giants",56,7.4,12.7,20.1,1981
"Indians",52,14.7,3.8,18.5,1981
"Mariners",44,12.8,8.2,21,1981
"Mets",41,4.6,8.6,13.2,1981
"Orioles",59,6.8,13.9,20.7,1981
"Padres",41,4.2,9.4,13.6,1981
"Phillies",59,9.4,17.7,27.1,1981
"Pirates",46,8.4,8.1,16.5,1981
"Rangers",57,9.6,15.6,25.2,1981
"Red Sox",59,7.6,17.9,25.5,1981
"Reds",66,8.5,18.2,26.7,1981
"Royals",50,8.4,13,21.4,1981
"Tigers",60,8.6,19.2,27.8,1981
"Twins",41,8.3,-1.3,7,1981
"White Sox",54,9.4,16.5,25.9,1981
"Yankees",59,15.6,18.2,33.8,1981
"Angels",93,19.4,34.1,53.5,1982
"Astros",77,14.9,14.2,29.1,1982
"Athletics",68,3.6,12.7,16.3,1982
"Blue Jays",78,17.5,7.2,24.7,1982
"Braves",89,13.7,17.8,31.5,1982
"Brewers",95,11.2,35.9,47.1,1982
"Cardinals",92,10.8,27.5,38.3,1982
"Cubs",73,13,12.5,25.5,1982
"Dodgers",88,22,26.6,48.6,1982
"Expos",86,18.8,28.1,46.9,1982
"Giants",87,11.3,18.1,29.4,1982
"Indians",78,20.4,13.9,34.3,1982
"Mariners",76,21.2,7.2,28.4,1982
"Mets",65,6.3,7,13.3,1982
"Orioles",94,15,30.5,45.5,1982
"Padres",81,6.2,23.8,30,1982
"Phillies",89,22.7,19,41.7,1982
"Pirates",84,13.6,27.7,41.3,1982
"Rangers",64,13.2,3.7,16.9,1982
"Red Sox",89,14.7,18.2,32.9,1982
"Reds",61,17,6,23,1982
"Royals",90,7.7,30.1,37.8,1982
"Tigers",83,11.2,27.9,39.1,1982
"Twins",60,0.9,15.2,16.1,1982
"White Sox",87,22.4,17.8,40.2,1982
"Yankees",79,24.1,11.7,35.8,1982
"Angels",70,15.7,12,27.7,1983
"Astros",85,12.6,25.4,38,1983
"Athletics",74,7,19.9,26.9,1983
"Blue Jays",89,14.1,28.5,42.6,1983
"Braves",88,14.8,22.1,36.9,1983
"Brewers",87,10.2,24.5,34.7,1983
"Cardinals",79,8.1,26.3,34.4,1983
"Cubs",71,16,15.2,31.2,1983
"Dodgers",91,21.2,19.8,41,1983
"Expos",82,16.4,29,45.4,1983
"Giants",79,11.7,18.3,30,1983
"Indians",70,15.7,9.7,25.4,1983
"Mariners",60,16.1,-0.2,15.9,1983
"Mets",68,7.8,9,16.8,1983
"Orioles",98,17.3,28,45.3,1983
"Padres",81,9.1,16.7,25.8,1983
"Phillies",90,23.8,13.7,37.5,1983
"Pirates",84,19.5,18.7,38.2,1983
"Rangers",77,22.1,13.5,35.6,1983
"Red Sox",78,10.9,16.9,27.8,1983
"Reds",74,9.8,13.6,23.4,1983
"Royals",79,9.8,15.1,24.9,1983
"Tigers",92,13.5,34.3,47.8,1983
"Twins",70,6.6,14.7,21.3,1983
"White Sox",99,20.6,25.8,46.4,1983
"Yankees",91,22.1,24.1,46.2,1983
"Angels",81,16.5,15,31.5,1984
"Astros",80,13.5,21.9,35.4,1984
"Athletics",77,5.3,21.1,26.4,1984
"Blue Jays",89,15.8,24.9,40.7,1984
"Braves",80,14.3,13.1,27.4,1984
"Brewers",67,12.7,7.9,20.6,1984
"Cardinals",84,12.1,19.9,32,1984
"Cubs",96,21.2,21.3,42.5,1984
"Dodgers",79,22,11.7,33.7,1984
"Expos",78,13.2,23.6,36.8,1984
"Giants",66,6.3,15.5,21.8,1984
"Indians",75,13.4,17.1,30.5,1984
"Mariners",74,16.5,9.1,25.6,1984
"Mets",90,13.7,19.4,33.1,1984
"Orioles",85,13.1,24.7,37.8,1984
"Padres",92,7.7,24.9,32.6,1984
"Phillies",81,16.4,30.5,46.9,1984
"Pirates",75,19.6,17.3,36.9,1984
"Rangers",69,13,8.2,21.2,1984
"Red Sox",86,15.5,24.8,40.3,1984
"Reds",70,10.1,8.4,18.5,1984
"Royals",84,14.1,21.1,35.2,1984
"Tigers",104,19.5,35.5,55,1984
"Twins",81,10.8,20,30.8,1984
"White Sox",74,14.2,15.4,29.6,1984
"Yankees",87,21.6,21.6,43.2,1984
"Angels",90,13.7,21.8,35.5,1985
"Astros",83,9.5,22.8,32.3,1985
"Athletics",77,7.2,21.3,28.5,1985
"Blue Jays",99,17,27.5,44.5,1985
"Braves",66,6,8.9,14.9,1985
"Brewers",71,7.8,9.2,17,1985
"Cardinals",101,17.2,34.3,51.5,1985
"Cubs",77,12,18.2,30.2,1985
"Dodgers",95,20.7,28.3,49,1985
"Expos",84,17.2,19,36.2,1985
"Giants",62,14.2,7.9,22.1,1985
"Indians",60,7.3,7.5,14.8,1985
"Mariners",74,13.6,17,30.6,1985
"Mets",98,20.1,25,45.1,1985
"Orioles",83,10.9,25.3,36.2,1985
"Padres",83,14.1,20.4,34.5,1985
"Phillies",75,11.6,14,25.6,1985
"Pirates",57,15.6,8.2,23.8,1985
"Rangers",62,10.9,9.4,20.3,1985
"Red Sox",81,18.6,27.1,45.7,1985
"Reds",89,14.5,20.7,35.2,1985
"Royals",91,24.8,13.1,37.9,1985
"Tigers",84,19,24.6,43.6,1985
"Twins",77,13.4,19.5,32.9,1985
"White Sox",85,17.2,9.8,27,1985
"Yankees",97,17.5,32.5,50,1985
"Angels",92,20.8,29.5,50.3,1986
"Astros",96,17.8,25.5,43.3,1986
"Athletics",76,8.1,23.1,31.2,1986
"Blue Jays",86,19.3,22.8,42.1,1986
"Braves",72,16.2,7.4,23.6,1986
"Brewers",77,17.1,6.8,23.9,1986
"Cardinals",79,8.8,19,27.8,1986
"Cubs",70,15.3,9.9,25.2,1986
"Dodgers",73,17.5,11.4,28.9,1986
"Expos",78,15.7,18.3,34,1986
"Giants",83,13.5,26.3,39.8,1986
"Indians",84,7.2,20.5,27.7,1986
"Mariners",67,15.3,4.1,19.4,1986
"Mets",108,20.8,33.3,54.1,1986
"Orioles",73,14.5,17.1,31.6,1986
"Padres",74,7.6,16.9,24.5,1986
"Phillies",86,11.1,20.9,32,1986
"Pirates",64,10.1,20.6,30.7,1986
"Rangers",87,12.7,20.2,32.9,1986
"Red Sox",95,18.7,21.6,40.3,1986
"Reds",86,15.2,17.6,32.8,1986
"Royals",76,19.8,11.3,31.1,1986
"Tigers",87,10.3,32.8,43.1,1986
"Twins",71,9.9,15.5,25.4,1986
"White Sox",72,15.5,10.4,25.9,1986
"Yankees",90,13,30.6,43.6,1986
"Angels",75,13.5,19.3,32.8,1987
"Astros",76,18.3,11.9,30.2,1987
"Athletics",81,16.2,20.7,36.9,1987
"Blue Jays",96,21.1,27.8,48.9,1987
"Braves",69,9.8,13.7,23.5,1987
"Brewers",91,19.9,17.8,37.7,1987
"Cardinals",95,14.3,22.1,36.4,1987
"Cubs",76,14.8,11.2,26,1987
"Dodgers",73,18,7.5,25.5,1987
"Expos",91,18.7,16.1,34.8,1987
"Giants",90,16,26.1,42.1,1987
"Indians",61,4.3,10.6,14.9,1987
"Mariners",78,18.2,16.1,34.3,1987
"Mets",92,17.4,30.8,48.2,1987
"Orioles",67,8,14,22,1987
"Padres",65,8.3,20.4,28.7,1987
"Phillies",80,8.5,19.6,28.1,1987
"Pirates",80,12.8,26.7,39.5,1987
"Rangers",75,9.2,14.3,23.5,1987
"Red Sox",78,15.9,21.3,37.2,1987
"Reds",84,14.7,21.1,35.8,1987
"Royals",83,20.9,14.5,35.4,1987
"Tigers",98,18.3,30.4,48.7,1987
"Twins",85,11.5,15.4,26.9,1987
"White Sox",77,9.3,23,32.3,1987
"Yankees",89,14.6,21.6,36.2,1987
"Angels",75,13.1,15.4,28.5,1988
"Astros",82,11.2,15.4,26.6,1988
"Athletics",104,17.6,31.4,49,1988
"Blue Jays",87,10.8,29,39.8,1988
"Braves",54,11,1.5,12.5,1988
"Brewers",87,17.9,15.9,33.8,1988
"Cardinals",76,15.4,14.2,29.6,1988
"Cubs",77,14.4,16.1,30.5,1988
"Dodgers",94,19.7,20,39.7,1988
"Expos",81,11.7,23.5,35.2,1988
"Giants",83,16.3,25.3,41.6,1988
"Indians",78,18.9,9.2,28.1,1988
"Mariners",68,17.1,14.2,31.3,1988
"Mets",100,25.6,29.9,55.5,1988
"Orioles",54,6.3,7.1,13.4,1988
"Padres",83,16,21.2,37.2,1988
"Phillies",65,5,9.2,14.2,1988
"Pirates",85,11.7,25.6,37.3,1988
"Rangers",70,10.9,16.3,27.2,1988
"Red Sox",89,18.7,31.7,50.4,1988
"Reds",87,13.8,24.8,38.6,1988
"Royals",84,19.3,16.9,36.2,1988
"Tigers",88,14.4,22.5,36.9,1988
"Twins",91,15.7,26.4,42.1,1988
"White Sox",71,7.9,9.6,17.5,1988
"Yankees",85,10.9,20.7,31.6,1988
"Angels",91,20.1,22.2,42.3,1989
"Astros",86,10.8,19.7,30.5,1989
"Athletics",99,16.5,27.4,43.9,1989
"Blue Jays",89,22.2,21.9,44.1,1989
"Braves",63,19,8.8,27.8,1989
"Brewers",81,12.7,13.7,26.4,1989
"Cardinals",86,16.4,29.7,46.1,1989
"Cubs",93,16.1,20.4,36.5,1989
"Dodgers",77,19.6,14,33.6,1989
"Expos",81,15.3,17.7,33,1989
"Giants",92,10.1,31,41.1,1989
"Indians",73,18.8,9.7,28.5,1989
"Mariners",73,16.7,15.9,32.6,1989
"Mets",87,16.7,29,45.7,1989
"Orioles",87,9.5,21.9,31.4,1989
"Padres",89,15,14.4,29.4,1989
"Phillies",67,7.3,10.1,17.4,1989
"Pirates",74,9.3,21.8,31.1,1989
"Rangers",83,17,20.5,37.5,1989
"Red Sox",83,16.2,27.4,43.6,1989
"Reds",75,15.9,11.3,27.2,1989
"Royals",92,23.6,15.4,39,1989
"Tigers",59,4.9,10.1,15,1989
"Twins",80,10.7,20,30.7,1989
"White Sox",69,4.1,15.7,19.8,1989
"Yankees",74,7.5,24.4,31.9,1989
"Angels",80,20.2,16.3,36.5,1990
"Astros",75,8.5,10.5,19,1990
"Athletics",103,14.5,36.4,50.9,1990
"Blue Jays",86,17.4,26.5,43.9,1990
"Braves",65,13,11.2,24.2,1990
"Brewers",74,13.6,14,27.6,1990
"Cardinals",70,17.5,20.4,37.9,1990
"Cubs",77,13.1,9.6,22.7,1990
"Dodgers",86,14.1,22.5,36.6,1990
"Expos",85,14.5,17.5,32,1990
"Giants",85,7.8,23.4,31.2,1990
"Indians",77,8.1,17.9,26,1990
"Mariners",77,19.5,20.7,40.2,1990
"Mets",91,24.4,26.4,50.8,1990
"Orioles",76,7.4,21.1,28.5,1990
"Padres",75,14.4,14.8,29.2,1990
"Phillies",77,7.8,21.3,29.1,1990
"Pirates",95,13.8,31.7,45.5,1990
"Rangers",83,16.3,19.1,35.4,1990
"Red Sox",88,23.6,15.2,38.8,1990
"Reds",91,21.2,20.3,41.5,1990
"Royals",75,13.9,13.5,27.4,1990
"Tigers",79,6.4,22.5,28.9,1990
"Twins",74,14.4,12.4,26.8,1990
"White Sox",94,16.4,19.1,35.5,1990
"Yankees",67,10.7,10.1,20.8,1990
"Angels",81,18.3,8.2,26.5,1991
"Astros",65,5.6,15.5,21.1,1991
"Athletics",84,5.2,24.1,29.3,1991
"Blue Jays",91,22.7,19.8,42.5,1991
"Braves",94,17.8,14.3,32.1,1991
"Brewers",83,10.2,18.8,29,1991
"Cardinals",84,13.8,20.5,34.3,1991
"Cubs",77,15.1,17.5,32.6,1991
"Dodgers",93,19.8,19.5,39.3,1991
"Expos",71,10.9,16.5,27.4,1991
"Giants",75,6.9,22.1,29,1991
"Indians",57,20.9,4.7,25.6,1991
"Mariners",83,14.3,12.1,26.4,1991
"Mets",77,21.5,13.3,34.8,1991
"Orioles",67,13.9,22.3,36.2,1991
"Padres",84,16.1,20.4,36.5,1991
"Phillies",78,9.8,12.2,22,1991
"Pirates",98,16.8,31,47.8,1991
"Rangers",85,10.1,25.1,35.2,1991
"Red Sox",84,15.8,22.1,37.9,1991
"Reds",74,16.5,23.4,39.9,1991
"Royals",82,19.5,14.7,34.2,1991
"Tigers",84,9.5,29.6,39.1,1991
"Twins",95,15.2,27.4,42.6,1991
"White Sox",87,10.9,28.6,39.5,1991
"Yankees",71,15.1,10.6,25.7,1991
"Angels",72,16.9,1.8,18.7,1992
"Astros",81,8,20.9,28.9,1992
"Athletics",96,10.1,30.5,40.6,1992
"Blue Jays",96,18.6,29.1,47.7,1992
"Braves",98,18.8,25.2,44,1992
"Brewers",92,16.2,19.5,35.7,1992
"Cardinals",83,13,23,36,1992
"Cubs",78,11.9,14.4,26.3,1992
"Dodgers",63,15.8,6.1,21.9,1992
"Expos",87,15.3,21.6,36.9,1992
"Giants",72,9.5,15.5,25,1992
"Indians",76,9.7,19.2,28.9,1992
"Mariners",64,9.3,15.3,24.6,1992
"Mets",72,17.5,9.6,27.1,1992
"Orioles",89,17.4,25.4,42.8,1992
"Padres",82,18.1,23.5,41.6,1992
"Phillies",70,7.5,22.3,29.8,1992
"Pirates",96,12.1,25.1,37.2,1992
"Rangers",77,18.3,14.7,33,1992
"Red Sox",73,20.4,3,23.4,1992
"Reds",90,20.9,20.5,41.4,1992
"Royals",72,15.1,7.6,22.7,1992
"Tigers",75,6.1,27.4,33.5,1992
"Twins",90,19.8,23.9,43.7,1992
"White Sox",86,13.2,26.9,40.1,1992
"Yankees",76,13.3,22.8,36.1,1992
"Angels",71,13.9,6.7,20.6,1993
"Astros",85,17.8,29.4,47.2,1993
"Athletics",68,6.8,14.9,21.7,1993
"Blue Jays",95,18.8,28.6,47.4,1993
"Braves",104,25.8,30.5,56.3,1993
"Brewers",69,12,10.9,22.9,1993
"Cardinals",87,10.9,24.3,35.2,1993
"Cubs",84,13.3,26.6,39.9,1993
"Dodgers",81,18.7,10.4,29.1,1993
"Expos",94,15.1,18.4,33.5,1993
"Giants",103,12.2,35.3,47.5,1993
"Indians",76,7,17.9,24.9,1993
"Mariners",82,18.7,21,39.7,1993
"Marlins",64,11.7,6.7,18.4,1993
"Mets",59,14.1,11.4,25.5,1993
"Orioles",85,14.1,27.8,41.9,1993
"Padres",61,12.3,1.9,14.2,1993
"Phillies",97,18.2,27.7,45.9,1993
"Pirates",75,8.8,19.3,28.1,1993
"Rangers",86,15.1,20.1,35.2,1993
"Red Sox",80,19.8,17.1,36.9,1993
"Reds",73,13.5,13.5,27,1993
"Rockies",67,5.2,10,15.2,1993
"Royals",84,21.9,11.4,33.3,1993
"Tigers",85,8.9,25.7,34.6,1993
"Twins",71,15.4,5.5,20.9,1993
"White Sox",94,19.3,26.7,46,1993
"Yankees",88,11.9,32.7,44.6,1993
"Angels",47,6.9,7.9,14.8,1994
"Astros",66,9.3,26.2,35.5,1994
"Athletics",51,6.8,11.6,18.4,1994
"Blue Jays",55,12.1,7.6,19.7,1994
"Braves",68,20.3,17.9,38.2,1994
"Brewers",53,7.8,11.2,19,1994
"Cardinals",53,3,18.3,21.3,1994
"Cubs",49,8.1,10.8,18.9,1994
"Dodgers",58,11.9,10.3,22.2,1994
"Expos",74,15.9,20.6,36.5,1994
"Giants",55,6.1,14.6,20.7,1994
"Indians",66,14.5,19.7,34.2,1994
"Mariners",49,11.9,13.3,25.2,1994
"Marlins",51,4.1,13.6,17.7,1994
"Mets",55,9.2,7.2,16.4,1994
"Orioles",63,12,20.8,32.8,1994
"Padres",47,15.4,2.4,17.8,1994
"Phillies",54,10.6,7.3,17.9,1994
"Pirates",53,5.8,9.6,15.4,1994
"Rangers",52,6.9,9.6,16.5,1994
"Red Sox",54,11,8,19,1994
"Reds",66,13.3,21.6,34.9,1994
"Rockies",53,6.4,6.2,12.6,1994
"Royals",64,16.1,8,24.1,1994
"Tigers",53,4.9,13.1,18,1994
"Twins",53,5.7,12,17.7,1994
"White Sox",67,14.8,22.6,37.4,1994
"Yankees",70,12.2,23.4,35.6,1994
"Angels",78,16,22.7,38.7,1995
"Astros",76,14.9,22.2,37.1,1995
"Athletics",67,11.1,13.9,25,1995
"Blue Jays",56,11.7,5.5,17.2,1995
"Braves",90,24.2,17.6,41.8,1995
"Brewers",65,7.4,11.5,18.9,1995
"Cardinals",62,9.3,13,22.3,1995
"Cubs",73,8.8,20.8,29.6,1995
"Dodgers",78,16.4,18.2,34.6,1995
"Expos",66,14.6,11,25.6,1995
"Giants",67,2.2,25.4,27.6,1995
"Indians",100,20.1,27.8,47.9,1995
"Mariners",79,17.8,22.5,40.3,1995
"Marlins",67,9.7,19.5,29.2,1995
"Mets",69,14.4,14.6,29,1995
"Orioles",71,16.2,19.9,36.1,1995
"Padres",70,12.3,10,22.3,1995
"Phillies",69,10.5,14.9,25.4,1995
"Pirates",58,11,6.9,17.9,1995
"Rangers",74,14.1,12.7,26.8,1995
"Red Sox",86,18.4,30.2,48.6,1995
"Reds",85,14.6,28.3,42.9,1995
"Rockies",77,14,12.4,26.4,1995
"Royals",70,14.1,11,25.1,1995
"Tigers",60,7.8,3.2,11,1995
"Twins",56,3.5,14.5,18,1995
"White Sox",68,8.1,21,29.1,1995
"Yankees",79,13.3,21.9,35.2,1995
"Angels",70,11,13.9,24.9,1996
"Astros",82,11.3,22.2,33.5,1996
"Athletics",78,8.8,17.6,26.4,1996
"Blue Jays",74,16.7,11.1,27.8,1996
"Braves",96,29.5,25,54.5,1996
"Brewers",80,8.4,19.4,27.8,1996
"Cardinals",88,11.9,24.8,36.7,1996
"Cubs",76,9.4,21.7,31.1,1996
"Dodgers",90,20.5,12.6,33.1,1996
"Expos",88,17.6,16.7,34.3,1996
"Giants",68,4.7,19,23.7,1996
"Indians",99,22.3,30.2,52.5,1996
"Mariners",85,11,37.1,48.1,1996
"Marlins",80,17.2,20.7,37.9,1996
"Mets",71,11.3,25.2,36.5,1996
"Orioles",88,15.3,23.1,38.4,1996
"Padres",91,20.7,20.3,41,1996
"Phillies",67,13.5,11.3,24.8,1996
"Pirates",73,10.9,10.6,21.5,1996
"Rangers",90,19.4,27,46.4,1996
"Red Sox",85,15.1,16.8,31.9,1996
"Reds",81,11.5,16.1,27.6,1996
"Rockies",83,9.2,17.6,26.8,1996
"Royals",75,21.3,6.4,27.7,1996
"Tigers",53,2.9,0.2,3.1,1996
"Twins",78,8.6,21.9,30.5,1996
"White Sox",85,17.8,24.5,42.3,1996
"Yankees",92,23,18.6,41.6,1996
"Angels",84,10.8,21.6,32.4,1997
"Astros",84,16.5,31,47.5,1997
"Athletics",65,4.8,12,16.8,1997
"Blue Jays",76,21.9,6.3,28.2,1997
"Braves",101,28.5,31.8,60.3,1997
"Brewers",78,14.2,13.2,27.4,1997
"Cardinals",73,20.6,20.1,40.7,1997
"Cubs",68,9.3,13.2,22.5,1997
"Dodgers",88,14.7,19.8,34.5,1997
"Expos",78,14.6,17.9,32.5,1997
"Giants",90,10.3,27.5,37.8,1997
"Indians",86,11.8,31.3,43.1,1997
"Mariners",90,15.2,34,49.2,1997
"Marlins",92,15.2,21.9,37.1,1997
"Mets",88,11.8,22.9,34.7,1997
"Orioles",98,20.2,23.2,43.4,1997
"Padres",76,7.1,11.9,19,1997
"Phillies",68,12.2,9.7,21.9,1997
"Pirates",79,14.3,6.5,20.8,1997
"Rangers",77,15,17.3,32.3,1997
"Red Sox",78,12.9,28.5,41.4,1997
"Reds",76,12.7,10.7,23.4,1997
"Rockies",83,10.4,19.9,30.3,1997
"Royals",67,13.8,18.6,32.4,1997
"Tigers",79,15.9,8,23.9,1997
"Twins",68,11.7,12.7,24.4,1997
"White Sox",80,11.1,17.2,28.3,1997
"Yankees",96,23.5,22.8,46.3,1997
"Angels",85,15.7,8.2,23.9,1998
"Astros",102,18.4,35.2,53.6,1998
"Athletics",74,11.9,8.5,20.4,1998
"Blue Jays",88,18.5,22.1,40.6,1998
"Braves",106,27,37.6,64.6,1998
"Brewers",74,8.5,16.5,25,1998
"Cardinals",83,12.5,28.3,40.8,1998
"Cubs",90,14.7,21.7,36.4,1998
"Devil Rays",63,10.8,13.6,24.4,1998
"Diamondbacks",65,8.9,10.4,19.3,1998
"Dodgers",83,17.5,12.2,29.7,1998
"Expos",65,12.2,12.5,24.7,1998
"Giants",89,12,31.2,43.2,1998
"Indians",89,15.6,26.5,42.1,1998
"Mariners",76,15.8,26,41.8,1998
"Marlins",54,1.5,10,11.5,1998
"Mets",88,14.6,17.5,32.1,1998
"Orioles",79,16.2,24.9,41.1,1998
"Padres",98,21.4,17,38.4,1998
"Phillies",75,11.8,16,27.8,1998
"Pirates",69,17.5,5.6,23.1,1998
"Rangers",88,17.9,27.6,45.5,1998
"Red Sox",92,15.5,31.1,46.6,1998
"Reds",77,12.8,18.3,31.1,1998
"Rockies",77,15.8,13.7,29.5,1998
"Royals",72,11.3,7.3,18.6,1998
"Tigers",65,12.8,16.6,29.4,1998
"Twins",70,14.3,-4.5,9.8,1998
"White Sox",80,5.5,23.2,28.7,1998
"Yankees",114,21.2,36.1,57.3,1998
"Angels",70,13.3,9.8,23.1,1999
"Astros",97,26.7,27.4,54.1,1999
"Athletics",87,18.6,19.7,38.3,1999
"Blue Jays",84,13.9,23.7,37.6,1999
"Braves",103,27.8,23.8,51.6,1999
"Brewers",74,7,18,25,1999
"Cardinals",75,14,17.2,31.2,1999
"Cubs",67,9.5,10.3,19.8,1999
"Devil Rays",69,12.9,6.8,19.7,1999
"Diamondbacks",100,21.7,27.3,49,1999
"Dodgers",77,12.6,22.1,34.7,1999
"Expos",68,17.9,7.6,25.5,1999
"Giants",86,9.8,22.4,32.2,1999
"Indians",97,15.5,34.4,49.9,1999
"Mariners",79,9.1,18.3,27.4,1999
"Marlins",64,9.1,10.8,19.9,1999
"Mets",97,15.9,29.7,45.6,1999
"Orioles",78,11.7,28.9,40.6,1999
"Padres",74,12,17.6,29.6,1999
"Phillies",77,6.9,24.2,31.1,1999
"Pirates",78,14.9,14,28.9,1999
"Rangers",95,18.4,26.3,44.7,1999
"Red Sox",94,23.5,24.2,47.7,1999
"Reds",96,13.7,30.8,44.5,1999
"Rockies",72,8.4,1.3,9.7,1999
"Royals",64,7.4,19,26.4,1999
"Tigers",69,12.4,15.5,27.9,1999
"Twins",63,12.2,1.3,13.5,1999
"White Sox",75,11.3,12.2,23.5,1999
"Yankees",98,21.2,25.9,47.1,1999
"Angels",82,4.9,31.3,36.2,2000
"Astros",72,8.7,23,31.7,2000
"Athletics",91,17.1,22.8,39.9,2000
"Blue Jays",83,14.1,20.6,34.7,2000
"Braves",95,22.3,24.5,46.8,2000
"Brewers",73,10.3,11.7,22,2000
"Cardinals",95,15,31.2,46.2,2000
"Cubs",65,8.1,15.7,23.8,2000
"Devil Rays",69,13.6,7.4,21,2000
"Diamondbacks",85,22.1,15.6,37.7,2000
"Dodgers",86,16.5,23.7,40.2,2000
"Expos",67,13.8,8.3,22.1,2000
"Giants",97,16.4,34.7,51.1,2000
"Indians",90,20.4,27.1,47.5,2000
"Mariners",91,15.5,28.8,44.3,2000
"Marlins",79,13.1,14.5,27.6,2000
"Mets",94,19.1,23.5,42.6,2000
"Orioles",74,12,15.3,27.3,2000
"Padres",76,9.5,15.3,24.8,2000
"Phillies",65,10.9,11.8,22.7,2000
"Pirates",69,13.2,10.6,23.8,2000
"Rangers",71,11,10.2,21.2,2000
"Red Sox",85,20.5,16.4,36.9,2000
"Reds",85,13.8,24.3,38.1,2000
"Rockies",82,16.4,15.5,31.9,2000
"Royals",77,6.7,17.1,23.8,2000
"Tigers",79,17.3,19.7,37,2000
"Twins",69,13.3,3.3,16.6,2000
"White Sox",95,16.5,25.9,42.4,2000
"Yankees",87,17.5,20.6,38.1,2000
"Angels",75,14,17.8,31.8,2001
"Astros",93,14.4,23.6,38,2001
"Athletics",102,23.9,28,51.9,2001
"Blue Jays",80,18,15.7,33.7,2001
"Braves",88,21.1,20.9,42,2001
"Brewers",68,6.7,14.5,21.2,2001
"Cardinals",93,12.2,31.1,43.3,2001
"Cubs",88,22.2,20.6,42.8,2001
"Devil Rays",62,6.5,6.4,12.9,2001
"Diamondbacks",92,21.8,26,47.8,2001
"Dodgers",86,16.4,18.2,34.6,2001
"Expos",68,14,1,15,2001
"Giants",90,16.6,30.9,47.5,2001
"Indians",91,21.1,23.7,44.8,2001
"Mariners",116,18.9,44.4,63.3,2001
"Marlins",76,13.2,21.2,34.4,2001
"Mets",82,17.2,12.2,29.4,2001
"Orioles",63,9.9,9.3,19.2,2001
"Padres",79,8.1,17.7,25.8,2001
"Phillies",86,13.6,22.9,36.5,2001
"Pirates",62,9,6.7,15.7,2001
"Rangers",73,5.8,22.4,28.2,2001
"Red Sox",82,19.1,14.2,33.3,2001
"Reds",66,10.1,9.3,19.4,2001
"Rockies",73,10.4,26.5,36.9,2001
"Royals",65,7.6,11.3,18.9,2001
"Tigers",66,6.7,11.3,18,2001
"Twins",85,11.7,21.8,33.5,2001
"White Sox",83,13.4,23,36.4,2001
"Yankees",95,26.1,17.3,43.4,2001
"Angels",99,16.1,28.2,44.3,2002
"Astros",84,19.3,18.6,37.9,2002
"Athletics",103,23.1,23.1,46.2,2002
"Blue Jays",78,12.2,18.9,31.1,2002
"Braves",101,19.8,20.5,40.3,2002
"Brewers",56,4.8,9.9,14.7,2002
"Cardinals",97,14.2,30.4,44.6,2002
"Cubs",67,17.5,17.2,34.7,2002
"Devil Rays",55,2.8,11.5,14.3,2002
"Diamondbacks",98,26.4,22.1,48.5,2002
"Dodgers",92,16.4,23.7,40.1,2002
"Expos",83,16.6,13.2,29.8,2002
"Giants",95,18.1,35.1,53.2,2002
"Indians",74,15.3,10.4,25.7,2002
"Mariners",93,18.3,31.3,49.6,2002
"Marlins",79,11.8,19.1,30.9,2002
"Mets",75,13.4,17.6,31,2002
"Orioles",67,8.8,13.5,22.3,2002
"Padres",66,8.9,13.1,22,2002
"Phillies",80,13.1,23.9,37,2002
"Pirates",72,7.1,12.6,19.7,2002
"Rangers",72,7.6,21.9,29.5,2002
"Red Sox",93,22.6,24.2,46.8,2002
"Reds",78,11.3,16.6,27.9,2002
"Rockies",73,6.5,9.6,16.1,2002
"Royals",62,7.5,7.2,14.7,2002
"Tigers",55,11.2,-1,10.2,2002
"Twins",94,16.2,25.7,41.9,2002
"White Sox",81,14,22.5,36.5,2002
"Yankees",103,28.2,28.5,56.7,2002
"Angels",77,11.3,20.2,31.5,2003
"Astros",87,16.4,26.4,42.8,2003
"Athletics",96,22.4,12.7,35.1,2003
"Blue Jays",86,15.1,18.4,33.5,2003
"Braves",101,15.2,35.6,50.8,2003
"Brewers",68,6.8,9.6,16.4,2003
"Cardinals",85,7.3,34.4,41.7,2003
"Cubs",88,24.1,16.8,40.9,2003
"Devil Rays",63,3.1,17.6,20.7,2003
"Diamondbacks",84,24.6,7.7,32.3,2003
"Dodgers",85,27,10.2,37.2,2003
"Expos",83,15.5,9.6,25.1,2003
"Giants",100,15.7,28.2,43.9,2003
"Indians",68,12.1,13.8,25.9,2003
"Mariners",93,16.1,31.1,47.2,2003
"Marlins",91,21.3,23.4,44.7,2003
"Mets",66,8.3,5.1,13.4,2003
"Orioles",71,11.8,15.4,27.2,2003
"Padres",64,3.9,22.4,26.3,2003
"Phillies",86,16.6,26.4,43,2003
"Pirates",75,9.1,21,30.1,2003
"Rangers",71,8.9,20.2,29.1,2003
"Red Sox",95,21.5,32.6,54.1,2003
"Reds",69,6.6,10.3,16.9,2003
"Rockies",74,8.8,16.5,25.3,2003
"Royals",83,9.7,12.5,22.2,2003
"Tigers",43,2.9,-1.2,1.7,2003
"Twins",90,16.8,24,40.8,2003
"White Sox",86,22.5,22.5,45,2003
"Yankees",101,28.6,26.5,55.1,2003
"Angels",92,19.6,23.4,43,2004
"Astros",92,20.7,24.7,45.4,2004
"Athletics",91,17.7,20.6,38.3,2004
"Blue Jays",67,11.7,12.7,24.4,2004
"Braves",96,16.1,29,45.1,2004
"Brewers",67,19,9.8,28.8,2004
"Cardinals",105,16.4,33.6,50,2004
"Cubs",89,22.3,25.4,47.7,2004
"Devil Rays",70,7.2,16.3,23.5,2004
"Diamondbacks",51,10.6,-0.4,10.2,2004
"Dodgers",93,16.2,28,44.2,2004
"Expos",67,9.7,5.7,15.4,2004
"Giants",91,12.7,27.5,40.2,2004
"Indians",80,9.4,26.8,36.2,2004
"Mariners",63,8.9,17.3,26.2,2004
"Marlins",83,16.6,18.2,34.8,2004
"Mets",71,12.3,11.3,23.6,2004
"Orioles",78,15.7,22,37.7,2004
"Padres",87,15.5,25.9,41.4,2004
"Phillies",86,13.4,26.7,40.1,2004
"Pirates",72,15.6,7.8,23.4,2004
"Rangers",89,14.9,18.4,33.3,2004
"Red Sox",98,20.6,24.7,45.3,2004
"Reds",76,5.6,15.6,21.2,2004
"Rockies",68,7.3,14.1,21.4,2004
"Royals",58,9,1,10,2004
"Tigers",72,10.9,21.7,32.6,2004
"Twins",92,22.4,17.2,39.6,2004
"White Sox",83,13,23.2,36.2,2004
"Yankees",101,18.6,21.7,40.3,2004
"Angels",95,21.4,19.6,41,2005
"Astros",89,22.6,18.1,40.7,2005
"Athletics",88,18.3,23,41.3,2005
"Blue Jays",80,14,19.1,33.1,2005
"Braves",90,14.4,29.6,44,2005
"Brewers",81,16.5,19.4,35.9,2005
"Cardinals",100,15.5,27.1,42.6,2005
"Cubs",79,15.1,21.3,36.4,2005
"Devil Rays",67,4.9,20.6,25.5,2005
"Diamondbacks",77,11.9,12.4,24.3,2005
"Dodgers",71,11.3,13.6,24.9,2005
"Giants",75,11.7,13,24.7,2005
"Indians",93,19.2,30.9,50.1,2005
"Mariners",69,9.3,13.7,23,2005
"Marlins",83,21.2,18.2,39.4,2005
"Mets",83,17.4,18.1,35.5,2005
"Nationals",81,14.5,16.6,31.1,2005
"Orioles",74,12.4,18.8,31.2,2005
"Padres",82,17.4,20.3,37.7,2005
"Phillies",88,16,29.3,45.3,2005
"Pirates",67,7.2,13.4,20.6,2005
"Rangers",79,13.7,20.8,34.5,2005
"Red Sox",95,13.9,27.6,41.5,2005
"Reds",73,7,23.2,30.2,2005
"Rockies",67,10.2,10.3,20.5,2005
"Royals",56,6.1,2.7,8.8,2005
"Tigers",71,9.7,20.9,30.6,2005
"Twins",83,19,13.2,32.2,2005
"White Sox",99,23,18,41,2005
"Yankees",95,15.2,17.4,32.6,2005
"Angels",89,21.3,17,38.3,2006
"Astros",82,19.2,19.7,38.9,2006
"Athletics",93,17.2,16.5,33.7,2006
"Blue Jays",87,15.4,25.4,40.8,2006
"Braves",79,11,23.7,34.7,2006
"Brewers",75,16.2,15.9,32.1,2006
"Cardinals",83,7.8,23.3,31.1,2006
"Cubs",66,10.4,13.7,24.1,2006
"Devil Rays",61,8.8,10.3,19.1,2006
"Diamondbacks",76,19,10.8,29.8,2006
"Dodgers",88,19.7,20.7,40.4,2006
"Giants",76,13,15.7,28.7,2006
"Indians",78,16.4,21.2,37.6,2006
"Mariners",78,13.4,19.7,33.1,2006
"Marlins",78,12.2,20.2,32.4,2006
"Mets",97,16.2,28.1,44.3,2006
"Nationals",71,4.6,19.5,24.1,2006
"Orioles",70,7.6,17.1,24.7,2006
"Padres",88,16.4,26.1,42.5,2006
"Phillies",85,14.2,25.9,40.1,2006
"Pirates",67,12.5,7.7,20.2,2006
"Rangers",80,15.8,15.9,31.7,2006
"Red Sox",86,13.4,16.1,29.5,2006
"Reds",80,14.7,19.8,34.5,2006
"Rockies",76,17.3,13.5,30.8,2006
"Royals",62,0.5,18.3,18.8,2006
"Tigers",95,18.5,21.8,40.3,2006
"Twins",96,20.6,22.7,43.3,2006
"White Sox",90,19.2,19.3,38.5,2006
"Yankees",97,17.3,24.2,41.5,2006
"Angels",94,20,21.6,41.6,2007
"Astros",73,11.8,12.4,24.2,2007
"Athletics",76,17,17.2,34.2,2007
"Blue Jays",83,17.5,16.2,33.7,2007
"Braves",84,13.1,27.2,40.3,2007
"Brewers",83,18.8,25.1,43.9,2007
"Cardinals",78,9.8,18,27.8,2007
"Cubs",85,17.7,21.1,38.8,2007
"Devil Rays",66,9.2,17.6,26.8,2007
"Diamondbacks",90,16,10,26,2007
"Dodgers",82,20,16.8,36.8,2007
"Giants",71,16,10.5,26.5,2007
"Indians",96,20.5,21.7,42.2,2007
"Mariners",88,14.2,15.3,29.5,2007
"Marlins",71,8.3,20.7,29,2007
"Mets",88,14.6,27.7,42.3,2007
"Nationals",73,4.4,13.2,17.6,2007
"Orioles",69,11,15.1,26.1,2007
"Padres",89,22.7,15.8,38.5,2007
"Phillies",89,9.9,34.9,44.8,2007
"Pirates",68,10.9,12.5,23.4,2007
"Rangers",75,9.1,15.1,24.2,2007
"Red Sox",96,18.4,29.7,48.1,2007
"Reds",72,15,15.5,30.5,2007
"Rockies",90,16.5,23.1,39.6,2007
"Royals",69,12.1,14.3,26.4,2007
"Tigers",88,11.1,30.7,41.8,2007
"Twins",79,13.7,14.1,27.8,2007
"White Sox",72,17.2,2.9,20.1,2007
"Yankees",94,13.5,33.9,47.4,2007
"Angels",100,17.5,17.6,35.1,2008
"Astros",86,11.4,23.3,34.7,2008
"Athletics",75,14.6,14.7,29.3,2008
"Blue Jays",86,22.3,17.3,39.6,2008
"Braves",72,7.9,24.5,32.4,2008
"Brewers",90,14.6,24.6,39.2,2008
"Cardinals",86,9.1,34,43.1,2008
"Cubs",97,20.6,30.1,50.7,2008
"Diamondbacks",82,22.9,9.5,32.4,2008
"Dodgers",84,20,16.7,36.7,2008
"Giants",72,14.8,10.3,25.1,2008
"Indians",81,13.2,24,37.2,2008
"Mariners",61,9.4,7.6,17,2008
"Marlins",84,15.1,18.5,33.6,2008
"Mets",89,13,28.9,41.9,2008
"Nationals",59,7.9,8.5,16.4,2008
"Orioles",68,3.4,19,22.4,2008
"Padres",63,12.7,13.8,26.5,2008
"Phillies",92,14.9,32.8,47.7,2008
"Pirates",67,10.3,6.3,16.6,2008
"Rangers",79,9.2,23.5,32.7,2008
"Rays",97,19.2,29.2,48.4,2008
"Red Sox",95,18.4,32.9,51.3,2008
"Reds",74,9.1,13.8,22.9,2008
"Rockies",74,19.5,8.1,27.6,2008
"Royals",75,16.7,7.4,24.1,2008
"Tigers",74,8.3,16.8,25.1,2008
"Twins",88,12.8,19.3,32.1,2008
"White Sox",89,24.1,15.5,39.6,2008
"Yankees",89,16.9,21.3,38.2,2008
"Angels",97,13.7,29.1,42.8,2009
"Astros",74,11.6,12.7,24.3,2009
"Athletics",75,18,14.6,32.6,2009
"Blue Jays",75,15.6,19.5,35.1,2009
"Braves",86,19.7,22.2,41.9,2009
"Brewers",80,5.2,24.6,29.8,2009
"Cardinals",91,17.5,24.2,41.7,2009
"Cubs",83,18.5,14.5,33,2009
"Diamondbacks",70,13.5,17.5,31,2009
"Dodgers",95,18.6,27.4,46,2009
"Giants",88,19.7,16.6,36.3,2009
"Indians",65,9.9,14.5,24.4,2009
"Mariners",85,17.5,16.8,34.3,2009
"Marlins",87,14.1,19.3,33.4,2009
"Mets",70,10.4,12.8,23.2,2009
"Nationals",59,4.9,15.1,20,2009
"Orioles",64,6.8,11.6,18.4,2009
"Padres",75,11.1,15.5,26.6,2009
"Phillies",93,12.4,32,44.4,2009
"Pirates",62,12.6,10.5,23.1,2009
"Rangers",87,14.9,19,33.9,2009
"Rays",84,12.4,35.1,47.5,2009
"Red Sox",95,18.5,24.4,42.9,2009
"Reds",78,8.2,19.5,27.7,2009
"Rockies",92,21,18.9,39.9,2009
"Royals",65,14.9,2.2,17.1,2009
"Tigers",86,17,15,32,2009
"Twins",87,12.5,22.4,34.9,2009
"White Sox",79,20.2,8.6,28.8,2009
"Yankees",103,19.3,33.8,53.1,2009
"Angels",80,13.5,14.1,27.6,2010
"Astros",76,15.5,5.4,20.9,2010
"Athletics",81,13.7,20.3,34,2010
"Blue Jays",85,15.3,23.7,39,2010
"Braves",91,15.6,23.6,39.2,2010
"Brewers",77,7.4,30,37.4,2010
"Cardinals",86,11.4,25,36.4,2010
"Cubs",75,13.8,13.8,27.6,2010
"Diamondbacks",65,2.7,21.8,24.5,2010
"Dodgers",80,16.8,13.3,30.1,2010
"Giants",92,18.4,25.8,44.2,2010
"Indians",69,9.7,11,20.7,2010
"Mariners",61,15.7,2.2,17.9,2010
"Marlins",80,16.1,15.9,32,2010
"Mets",79,14.1,15.1,29.2,2010
"Nationals",69,10.4,16.6,27,2010
"Orioles",66,9.8,9.6,19.4,2010
"Padres",90,16.3,23.6,39.9,2010
"Phillies",97,16.6,23.1,39.7,2010
"Pirates",57,6.4,1.4,7.8,2010
"Rangers",90,19.3,21.8,41.1,2010
"Rays",96,16.3,30.7,47,2010
"Red Sox",89,15.7,24.9,40.6,2010
"Reds",91,12.8,35.7,48.5,2010
"Rockies",83,21.6,13.4,35,2010
"Royals",67,9.3,9.9,19.2,2010
"Tigers",81,18,23.6,41.6,2010
"Twins",94,17.3,27.8,45.1,2010
"White Sox",88,24,15.7,39.7,2010
"Yankees",95,16.4,31.2,47.6,2010
"Angels",86,15,23.8,38.8,2011
"Astros",56,5.6,13.3,18.9,2011
"Athletics",74,18,7.5,25.5,2011
"Blue Jays",81,10.7,15.6,26.3,2011
"Braves",89,14.2,18.5,32.7,2011
"Brewers",96,16.8,30.5,47.3,2011
"Cardinals",90,12,29.6,41.6,2011
"Cubs",71,11,14.3,25.3,2011
"Diamondbacks",94,11.8,30.5,42.3,2011
"Dodgers",82,20,19.6,39.6,2011
"Giants",86,17.3,18.1,35.4,2011
"Indians",80,17.7,9.3,27,2011
"Mariners",67,17.4,3.9,21.3,2011
"Marlins",72,15.3,13.7,29,2011
"Mets",77,11.9,17.2,29.1,2011
"Nationals",80,11.6,16.6,28.2,2011
"Orioles",69,4.9,12.3,17.2,2011
"Padres",71,15.1,15,30.1,2011
"Phillies",102,29.5,19,48.5,2011
"Pirates",72,8.5,6.7,15.2,2011
"Rangers",96,19.2,33.9,53.1,2011
"Rays",91,16.8,27.7,44.5,2011
"Red Sox",90,14.3,36.3,50.6,2011
"Reds",79,6.2,29.4,35.6,2011
"Rockies",73,13.6,11.7,25.3,2011
"Royals",71,10.7,19.8,30.5,2011
"Tigers",95,16.7,23.1,39.8,2011
"Twins",63,7.7,4.3,12,2011
"White Sox",79,23.2,11.7,34.9,2011
"Yankees",97,17.3,37,54.3,2011
"Angels",89,10.4,33.8,44.2,2012
"Astros",55,9.3,5.8,15.1,2012
"Athletics",94,19.5,19.4,38.9,2012
"Blue Jays",73,6.9,14.3,21.2,2012
"Braves",94,11.4,27.3,38.7,2012
"Brewers",83,14.3,28.3,42.6,2012
"Cardinals",88,16.2,28.5,44.7,2012
"Cubs",61,4.4,11.3,15.7,2012
"Diamondbacks",81,15.3,21.8,37.1,2012
"Dodgers",86,20.8,13.8,34.6,2012
"Giants",94,10.9,29,39.9,2012
"Indians",68,12.6,8.2,20.8,2012
"Mariners",75,17.6,8.9,26.5,2012
"Marlins",69,13.5,10.6,24.1,2012
"Mets",74,14.3,15.9,30.2,2012
"Nationals",98,19.5,23.7,43.2,2012
"Orioles",93,16,14.6,30.6,2012
"Padres",76,7.8,21.6,29.4,2012
"Phillies",81,19.8,21.5,41.3,2012
"Pirates",79,13.7,10.2,23.9,2012
"Rangers",93,22.2,23.3,45.5,2012
"Rays",90,20.4,23.7,44.1,2012
"Red Sox",69,6.4,20.1,26.5,2012
"Reds",97,18.7,23.9,42.6,2012
"Rockies",64,9.2,10.3,19.5,2012
"Royals",72,15.1,12.7,27.8,2012
"Tigers",88,24.5,20.5,45,2012
"Twins",66,5.9,12.6,18.5,2012
"White Sox",85,16.2,20.7,36.9,2012
"Yankees",95,17,33.6,50.6,2012
"Angels",78,10.1,21.6,31.7,2013
"Astros",51,2.2,1.9,4.1,2013
"Athletics",96,16.6,25.4,42,2013
"Blue Jays",74,9.5,17,26.5,2013
"Braves",96,17.9,25.6,43.5,2013
"Brewers",74,5.3,22.6,27.9,2013
"Cardinals",97,17.3,26.1,43.4,2013
"Cubs",66,11.3,14.1,25.4,2013
"Diamondbacks",81,8.5,19.4,27.9,2013
"Dodgers",92,20.6,25.5,46.1,2013
"Giants",76,7.1,26.9,34,2013
"Indians",92,16.8,22.6,39.4,2013
"Mariners",71,15.7,10,25.7,2013
"Marlins",62,14.6,3.3,17.9,2013
"Mets",74,18.1,16.5,34.6,2013
"Nationals",86,17.3,17.6,34.9,2013
"Orioles",85,11.1,25.7,36.8,2013
"Padres",76,8.4,18.6,27,2013
"Phillies",73,13.7,8.9,22.6,2013
"Pirates",94,16.8,22.8,39.6,2013
"Rangers",91,21.2,19.7,40.9,2013
"Rays",92,14.5,28.2,42.7,2013
"Red Sox",97,15.8,36.2,52,2013
"Reds",90,18,22.5,40.5,2013
"Rockies",74,16.4,13.7,30.1,2013
"Royals",86,17.5,19.4,36.9,2013
"Tigers",93,26.3,27.6,53.9,2013
"Twins",66,11.5,10.8,22.3,2013
"White Sox",63,15.3,5.5,20.8,2013
"Yankees",85,14.8,14.6,29.4,2013
"Angels",98,14.5,30.4,44.9,2014
"Astros",70,9.9,13.7,23.6,2014
"Athletics",88,17.4,21.2,38.6,2014
"Blue Jays",83,14.2,22.2,36.4,2014
"Braves",79,18.6,12.8,31.4,2014
"Brewers",82,10.9,20.8,31.7,2014
"Cardinals",90,15.9,18.1,34,2014
"Cubs",73,20.5,15.4,35.9,2014
"Diamondbacks",64,8.2,13,21.2,2014
"Dodgers",94,19.5,31.8,51.3,2014
"Giants",88,9.4,25.4,34.8,2014
"Indians",85,20.3,14.1,34.4,2014
"Mariners",87,13.6,16.4,30,2014
"Marlins",77,16.7,16.6,33.3,2014
"Mets",79,12.7,17.8,30.5,2014
"Nationals",96,24.3,26.2,50.5,2014
"Orioles",96,12.9,27.4,40.3,2014
"Padres",77,12.2,11.7,23.9,2014
"Phillies",73,16.6,11.6,28.2,2014
"Pirates",88,8.2,31.4,39.6,2014
"Rangers",67,9.3,11.6,20.9,2014
"Rays",77,14.1,20.3,34.4,2014
"Red Sox",71,10.6,17.3,27.9,2014
"Reds",76,12.8,14.7,27.5,2014
"Rockies",66,7.2,17,24.2,2014
"Royals",89,17.2,18.8,36,2014
"Tigers",90,19.7,24.8,44.5,2014
"Twins",70,14.3,16.2,30.5,2014
"White Sox",73,10.7,13.3,24,2014
"Yankees",84,17.5,18.1,35.6,2014
"Angels",85,12.2,17.1,29.3,2015
"Astros",86,18.9,26.1,45,2015
"Athletics",68,13,11.3,24.3,2015
"Blue Jays",93,13.7,36.7,50.4,2015
"Braves",67,7,9.9,16.9,2015
"Brewers",68,9.9,12.6,22.5,2015
"Cardinals",100,20.6,23.6,44.2,2015
"Cubs",97,22.9,25.4,48.3,2015
"Diamondbacks",79,10.6,21.6,32.2,2015
"Dodgers",92,19.7,29,48.7,2015
"Giants",84,8.8,29.5,38.3,2015
"Indians",81,21.1,19.1,40.2,2015
"Mariners",76,9.1,17.4,26.5,2015
"Marlins",71,12.2,15.3,27.5,2015
"Mets",90,19,24.6,43.6,2015
"Nationals",83,22.2,17.9,40.1,2015
"Orioles",81,15.8,17.7,33.5,2015
"Padres",74,9.7,16.4,26.1,2015
"Phillies",63,10.3,8.8,19.1,2015
"Pirates",98,19.5,24,43.5,2015
"Rangers",88,11,21.6,32.6,2015
"Rays",80,14.7,19.6,34.3,2015
"Red Sox",78,11.8,17.9,29.7,2015
"Reds",64,10.8,16.5,27.3,2015
"Rockies",68,8.3,9.7,18,2015
"Royals",95,13.8,21.8,35.6,2015
"Tigers",74,11.7,17.1,28.8,2015
"Twins",83,16,12.1,28.1,2015
"White Sox",76,17.4,8.8,26.2,2015
"Yankees",87,18.4,20.7,39.1,2015
"Angels",74,8,19.2,27.2,2016
"Astros",84,17.6,23.7,41.3,2016
"Athletics",69,13.7,3,16.7,2016
"Blue Jays",89,16.8,25.1,41.9,2016
"Braves",68,9,9.8,18.8,2016
"Brewers",73,11.1,12.7,23.8,2016
"Cardinals",86,16.6,22,38.6,2016
"Cubs",103,18.8,37.1,55.9,2016
"Diamondbacks",69,10.1,15.6,25.7,2016
"Dodgers",91,20,25.5,45.5,2016
"Giants",87,14.2,25.9,40.1,2016
"Indians",94,18.2,24.9,43.1,2016
"Mariners",86,14.5,21.3,35.8,2016
"Marlins",79,15.5,21.3,36.8,2016
"Mets",87,21.5,23.4,44.9,2016
"Nationals",95,23.5,22.2,45.7,2016
"Orioles",89,15.7,20.7,36.4,2016
"Padres",68,8.6,11.1,19.7,2016
"Phillies",71,13.9,9.4,23.3,2016
"Pirates",78,9,18.8,27.8,2016
"Rangers",95,12.6,16.2,28.8,2016
"Rays",68,10.6,19.1,29.7,2016
"Red Sox",93,18.8,35.2,54,2016
"Reds",68,1,12.1,13.1,2016
"Rockies",75,13.1,18.5,31.6,2016
"Royals",81,12.1,11.8,23.9,2016
"Tigers",86,18.5,21.1,39.6,2016
"Twins",59,10.7,12.4,23.1,2016
"White Sox",78,17.1,15,32.1,2016
"Yankees",84,18.7,15.5,34.2,2016
"Angels",80,11,18.8,29.8,2017
"Astros",101,19,33.7,52.7,2017
"Athletics",75,9.6,17.5,27.1,2017
"Blue Jays",76,16.6,10.7,27.3,2017
"Braves",72,8.9,15.9,24.8,2017
"Brewers",86,17.1,17.3,34.4,2017
"Cardinals",83,15.7,26.3,42,2017
"Cubs",92,16.8,26.7,43.5,2017
"Diamondbacks",93,22.9,19.7,42.6,2017
"Dodgers",104,21.7,33.3,55,2017
"Giants",64,11.4,10.5,21.9,2017
"Indians",102,30.4,26.7,57.1,2017
"Mariners",78,9.3,21.6,30.9,2017
"Marlins",77,5.5,27.9,33.4,2017
"Mets",70,8.7,22.6,31.3,2017
"Nationals",97,23,24.4,47.4,2017
"Orioles",75,8.6,11.3,19.9,2017
"Padres",71,7.9,7,14.9,2017
"Phillies",66,14.3,10.4,24.7,2017
"Pirates",75,16.6,10,26.6,2017
"Rangers",78,11.2,10.1,21.3,2017
"Rays",80,15,21.7,36.7,2017
"Red Sox",93,23.2,18.2,41.4,2017
"Reds",68,5.3,19.4,24.7,2017
"Rockies",87,18.6,13.7,32.3,2017
"Royals",80,13.7,11.1,24.8,2017
"Tigers",64,11.5,14.2,25.7,2017
"Twins",85,8.9,26,34.9,2017
"White Sox",67,4.4,14.1,18.5,2017
"Yankees",91,23.4,29.2,52.6,2017
"Angels",80,11.3,24.4,35.7,2018
"Astros",103,29.1,25.9,55,2018
"Athletics",97,13.6,31.7,45.3,2018
"Blue Jays",73,8.8,13.2,22,2018
"Braves",90,14.9,26,40.9,2018
"Brewers",96,15.2,27.5,42.7,2018
"Cardinals",88,14.1,25.8,39.9,2018
"Cubs",95,15.1,25.1,40.2,2018
"Diamondbacks",82,12.9,20.3,33.2,2018
"Dodgers",92,18.6,34.8,53.4,2018
"Giants",73,13.1,7,20.1,2018
"Indians",91,22.1,27.9,50,2018
"Mariners",89,16,18.2,34.2,2018
"Marlins",63,2.7,9.9,12.6,2018
"Mets",77,17.7,15,32.7,2018
"Nationals",82,16.7,23.8,40.5,2018
"Orioles",47,7.3,0.8,8.1,2018
"Padres",66,12.4,8,20.4,2018
"Phillies",80,19.2,12.2,31.4,2018
"Pirates",82,15.1,17.7,32.8,2018
"Rangers",67,10.8,11.4,22.2,2018
"Rays",90,17.5,23.4,40.9,2018
"Red Sox",108,18.3,32.1,50.4,2018
"Reds",67,8.1,16.6,24.7,2018
"Rockies",91,17.3,16.4,33.7,2018
"Royals",58,6.4,11.8,18.2,2018
"Tigers",64,9.6,6.7,16.3,2018
"Twins",78,11.9,16,27.9,2018
"White Sox",62,9.9,8.8,18.7,2018
"Yankees",100,24.2,31.7,55.9,2018
"Angels",72,5.8,20.3,26.1,2019
"Astros",107,23.7,40.8,64.5,2019
"Athletics",97,18.7,28.5,47.2,2019
"Blue Jays",67,9.1,11.5,20.6,2019
"Braves",97,12.3,26.9,39.2,2019
"Brewers",89,12.9,24.2,37.1,2019
"Cardinals",91,15.5,22.4,37.9,2019
"Cubs",84,17,24.9,41.9,2019
"Diamondbacks",85,13.9,23.4,37.3,2019
"Dodgers",106,24.1,34.8,58.9,2019
"Giants",77,7.6,10,17.6,2019
"Indians",93,21.9,19.7,41.6,2019
"Mariners",68,5.8,16.4,22.2,2019
"Marlins",57,6,2.6,8.6,2019
"Mets",86,20.4,23.5,43.9,2019
"Nationals",93,22.3,26,48.3,2019
"Orioles",54,5.5,6.4,11.9,2019
"Padres",70,15.5,13.4,28.9,2019
"Phillies",81,8.4,20.8,29.2,2019
"Pirates",69,8.8,10.8,19.6,2019
"Rangers",78,14.2,9.2,23.4,2019
"Rays",96,25.3,23,48.3,2019
"Red Sox",84,16.5,27.5,44,2019
"Reds",75,18.6,11.1,29.7,2019
"Rockies",71,6.7,10.1,16.8,2019
"Royals",59,7.7,9.3,17,2019
"Tigers",47,11.2,-2.6,8.6,2019
"Twins",101,23.9,31,54.9,2019
"White Sox",72,12.3,11,23.3,2019
"Yankees",103,18.1,32.7,50.8,2019
